{
  "8ece9ee2-096f-4955-952e-a2252f382185": {
    "id": "8ece9ee2-096f-4955-952e-a2252f382185",
    "auction_id": "e079b01f-5d85-453c-8f59-f9897d4d1a97",
    "winning_bid_id": "daccbe2c-83a9-4191-b399-7c18d4b9bbc4",
    "winning_user_id": "eedae96e-36e7-4014-b6c8-1af9b04d2853",
    "winning_amount": 8000.0,
    "payment_status": "completed",
    "payment_transaction_id": null,
    "commission_amount": 400.0,
    "broadcaster_share": 6800.0,
    "platform_share": 800.0,
    "ad_display_status": "pending",
    "created_at": "2025-05-07 14:07:33",
    "updated_at": "2025-05-12 14:12:27"
  },
  "0ebab435-ba79-4a26-9d6b-01429c0b4b24": {
    "id": "0ebab435-ba79-4a26-9d6b-01429c0b4b24",
    "auction_id": "1fd7e30f-78d2-43ed-a788-18841dbfe8e2",
    "winning_bid_id": "6aa3a8ef-ecea-4002-b350-ca69f2364922",
    "winning_user_id": "eedae96e-36e7-4014-b6c8-1af9b04d2853",
    "winning_amount": 8000.0,
    "payment_status": "completed",
    "payment_transaction_id": null,
    "commission_amount": 400.0,
    "broadcaster_share": 6800.0,
    "platform_share": 800.0,
    "ad_display_status": "pending",
    "created_at": "2025-05-08 15:53:07",
    "updated_at": "2025-05-12 14:12:23"
  },
  "ee07d2bd-8b3c-4838-b7ad-9229c25d64c9": {
    "id": "ee07d2bd-8b3c-4838-b7ad-9229c25d64c9",
    "auction_id": "33b133b2-d62d-4de7-b20b-d7c17a5f90bb",
    "winning_bid_id": "2ee8a259-d839-4525-89a3-c3c0445e187d",
    "winning_user_id": "f6cfa9a0-64a7-41a3-a095-5e23ef2ccb18",
    "winning_amount": 4500.0,
    "payment_status": "completed",
    "payment_transaction_id": null,
    "commission_amount": 225.0,
    "broadcaster_share": 3825.0,
    "platform_share": 450.0,
    "ad_display_status": "pending",
    "created_at": "2025-05-08 15:53:46",
    "updated_at": "2025-05-12 14:12:20"
  },
  "0e64a796-1fd6-4fdc-81e7-f15a10cab3cd": {
    "id": "0e64a796-1fd6-4fdc-81e7-f15a10cab3cd",
    "auction_id": "1f8615d5-9379-41c4-a4f9-83853fcea06a",
    "winning_bid_id": "6753bb76-a184-4b89-acee-bdd6dc826967",
    "winning_user_id": "eedae96e-36e7-4014-b6c8-1af9b04d2853",
    "winning_amount": 3000.0,
    "payment_status": "completed",
    "payment_transaction_id": null,
    "commission_amount": 150.0,
    "broadcaster_share": 2550.0,
    "platform_share": 300.0,
    "ad_display_status": "pending",
    "created_at": "2025-05-08 15:54:14",
    "updated_at": "2025-05-12 14:12:14"
  },
  "4d94d5e6-9389-43c0-a270-f1a098bc6d56": {
    "id": "4d94d5e6-9389-43c0-a270-f1a098bc6d56",
    "auction_id": "878cc700-b726-45ad-975a-5f9ba8b30e2a",
    "winning_bid_id": "773043fb-aeb8-42c1-84b2-58900d53d3c9",
    "winning_user_id": "1a031094-9e0f-4e4e-9667-b134f9a9fdbe",
    "winning_amount": 10000.0,
    "payment_status": "completed",
    "payment_transaction_id": null,
    "commission_amount": 500.0,
    "broadcaster_share": 8500.0,
    "platform_share": 1000.0,
    "ad_display_status": "pending",
    "created_at": "2025-05-08 15:55:23",
    "updated_at": "2025-05-12 14:12:11"
  },
  "ba7ca4ff-908f-4e27-972f-ee4d15aa82da": {
    "id": "ba7ca4ff-908f-4e27-972f-ee4d15aa82da",
    "auction_id": "37fa8bf3-4dc2-4922-8955-fa784ba75681",
    "winning_bid_id": "8e17181f-e0fd-4459-b79b-bdc1879758b6",
    "winning_user_id": "eedae96e-36e7-4014-b6c8-1af9b04d2853",
    "winning_amount": 10000.0,
    "payment_status": "completed",
    "payment_transaction_id": null,
    "commission_amount": 500.0,
    "broadcaster_share": 8500.0,
    "platform_share": 1000.0,
    "ad_display_status": "pending",
    "created_at": "2025-05-08 15:56:21",
    "updated_at": "2025-05-12 14:12:07"
  },
  "c7593fcd-1729-43ff-8bdd-762a25330ddc": {
    "id": "c7593fcd-1729-43ff-8bdd-762a25330ddc",
    "auction_id": "ca32d332-4fdf-484e-b39f-298ccedb7eca",
    "winning_bid_id": "0a61a5b8-620f-45af-87c2-3d85fd0f0470",
    "winning_user_id": "eedae96e-36e7-4014-b6c8-1af9b04d2853",
    "winning_amount": 4500.0,
    "payment_status": "completed",
    "payment_transaction_id": null,
    "commission_amount": 225.0,
    "broadcaster_share": 3825.0,
    "platform_share": 450.0,
    "ad_display_status": "pending",
    "created_at": "2025-05-08 15:57:33",
    "updated_at": "2025-05-12 14:12:04"
  },
  "93344947-9d6b-4d34-bb79-8a204eba0a32": {
    "id": "93344947-9d6b-4d34-bb79-8a204eba0a32",
    "auction_id": "4d36cd50-adb0-4407-8ca2-491ca487c587",
    "winning_bid_id": "a87815ea-0b7a-43e6-8342-f36de81d4896",
    "winning_user_id": "eedae96e-36e7-4014-b6c8-1af9b04d2853",
    "winning_amount": 5000.0,
    "payment_status": "completed",
    "payment_transaction_id": null,
    "commission_amount": 250.0,
    "broadcaster_share": 4250.0,
    "platform_share": 500.0,
    "ad_display_status": "pending",
    "created_at": "2025-05-10 13:44:23",
    "updated_at": "2025-05-12 14:12:02"
  },
  "f3572277-bc7d-410d-b69b-e49b8eff0a3b": {
    "id": "f3572277-bc7d-410d-b69b-e49b8eff0a3b",
    "auction_id": "0ae36fbe-9db6-40f8-8455-6c176c77d09f",
    "winning_bid_id": "004fdafc-56f3-46d2-926c-8d0c23f71658",
    "winning_user_id": "f6cfa9a0-64a7-41a3-a095-5e23ef2ccb18",
    "winning_amount": 4000.0,
    "payment_status": "completed",
    "payment_transaction_id": "bwbxk1k8",
    "commission_amount": 200.0,
    "broadcaster_share": 3400.0,
    "platform_share": 400.0,
    "ad_display_status": "pending",
    "created_at": "2025-05-10 13:45:05",
    "updated_at": "2025-05-13 13:13:22",
    "broadcaster_transaction_id": "e97qt385",
    "commission_transaction_id": "5fcd07vg",
    "platform_transaction_id": "j9be5vb0",
    "payment_distribution_complete": true
  },
  "52dae04f-df90-4de8-83b6-6b8fe834763c": {
    "id": "52dae04f-df90-4de8-83b6-6b8fe834763c",
    "auction_id": "e332b744-eb43-4365-a41d-9b4a95739d78",
    "winning_bid_id": "cdf94695-c934-4c29-be18-0ca1e5d3c5af",
    "winning_user_id": "1a031094-9e0f-4e4e-9667-b134f9a9fdbe",
    "winning_amount": 5400.0,
    "payment_status": "completed",
    "payment_transaction_id": "p9f4hkdv",
    "commission_amount": 270.0,
    "broadcaster_share": 4590.0,
    "platform_share": 540.0,
    "ad_display_status": "pending",
    "created_at": "2025-05-10 14:20:58",
    "updated_at": "2025-05-13 13:13:16",
    "broadcaster_transaction_id": "b2nstnmz",
    "commission_transaction_id": "e95j42gv",
    "platform_transaction_id": "5fa7a746",
    "payment_distribution_complete": true
  },
  "3fc0419d-3293-4186-ada7-43246f9db2d4": {
    "id": "3fc0419d-3293-4186-ada7-43246f9db2d4",
    "auction_id": "fc9777f4-fb2e-42e1-b976-cf018522a8cd",
    "winning_bid_id": "4a12ac16-828e-49d3-b67f-154395662189",
    "winning_user_id": "1a031094-9e0f-4e4e-9667-b134f9a9fdbe",
    "winning_strategy_id": "eccbf53c-3b01-4085-a46a-2849d89a487e",
    "winning_amount": 5400.0,
    "payment_status": "completed",
    "payment_transaction_id": "32gjs66k",
    "commission_amount": 270.0,
    "broadcaster_share": 4590.0,
    "platform_share": 540.0,
    "ad_display_status": "pending",
    "created_at": "2025-05-12 11:52:42",
    "updated_at": "2025-05-13 13:13:15",
    "broadcaster_transaction_id": "k2x6j5tn",
    "commission_transaction_id": "bw9qx0vy",
    "platform_transaction_id": "qwq0p9vs",
    "payment_distribution_complete": true
  },
  "cd02e6f3-f2f7-477c-835e-fa621269c7e7": {
    "id": "cd02e6f3-f2f7-477c-835e-fa621269c7e7",
    "auction_id": "d01c3a49-bc31-47c5-9398-e0f3d0d87c0d",
    "winning_bid_id": "d0820655-690c-4d8b-94d4-db5c2c19cb7b",
    "winning_user_id": "1a031094-9e0f-4e4e-9667-b134f9a9fdbe",
    "winning_strategy_id": "eccbf53c-3b01-4085-a46a-2849d89a487e",
    "winning_amount": 5400.0,
    "payment_status": "completed",
    "payment_transaction_id": "hmm0r88x",
    "commission_amount": 270.0,
    "broadcaster_share": 4590.0,
    "platform_share": 540.0,
    "ad_display_status": "pending",
    "created_at": "2025-05-13 12:23:13",
    "updated_at": "2025-05-13 13:10:57",
    "broadcaster_transaction_id": "m1ftz9xt",
    "commission_transaction_id": "8ttvmdkj",
    "platform_transaction_id": "enj9z0qa",
    "payment_distribution_complete": true
  },
  "8dc96dd4-41f4-4bd6-a57c-94935571289d": {
    "id": "8dc96dd4-41f4-4bd6-a57c-94935571289d",
    "auction_id": "be5826c8-c89e-4b26-92d0-62d8b6273c24",
    "winning_bid_id": "e6a19948-7c5b-4476-852a-6a5e5da87084",
    "winning_user_id": "1a031094-9e0f-4e4e-9667-b134f9a9fdbe",
    "winning_strategy_id": "eccbf53c-3b01-4085-a46a-2849d89a487e",
    "winning_amount": 5400.0,
    "payment_status": "completed",
    "payment_transaction_id": "gv02nx1y",
    "commission_amount": 270.0,
    "broadcaster_share": 4590.0,
    "platform_share": 540.0,
    "ad_display_status": "pending",
    "created_at": "2025-05-13 12:56:44",
    "updated_at": "2025-05-13 13:10:45",
    "broadcaster_transaction_id": "2ds5bk4g",
    "commission_transaction_id": "q7zk8psp",
    "platform_transaction_id": "8trnycw8",
    "payment_distribution_complete": true
  },
  "4712c05a-7c3b-4bf7-ae3b-ea050a068a88": {
    "id": "4712c05a-7c3b-4bf7-ae3b-ea050a068a88",
    "auction_id": "b1e6b214-23c1-4240-8bf0-a482fed149cb",
    "winning_bid_id": "597da73d-9a61-4bac-a2c9-06e5e2023861",
    "winning_user_id": "eedae96e-36e7-4014-b6c8-1af9b04d2853",
    "winning_strategy_id": "13c35a67-6d73-4dc1-b72e-d81bddc8a6f4",
    "winning_amount": 5000.0,
    "payment_status": "completed",
    "payment_transaction_id": "1m5797xh",
    "commission_amount": 250.0,
    "broadcaster_share": 4250.0,
    "platform_share": 500.0,
    "ad_display_status": "pending",
    "created_at": "2025-05-13 13:01:05",
    "updated_at": "2025-05-13 13:10:36",
    "broadcaster_transaction_id": "r1khb20n",
    "commission_transaction_id": "0tkewxdw",
    "platform_transaction_id": "77gsspea",
    "payment_distribution_complete": true
  },
  "a1c43864-fd10-4dfc-b1dd-1f042a6f1dff": {
    "id": "a1c43864-fd10-4dfc-b1dd-1f042a6f1dff",
    "auction_id": "e7f9e8d8-2e2c-4696-bfeb-093dbd9a156d",
    "winning_bid_id": "4914efd7-9e60-4b67-bd3a-d5a609e89ada",
    "winning_user_id": "eedae96e-36e7-4014-b6c8-1af9b04d2853",
    "winning_strategy_id": "1b697932-6796-4d23-becd-5d82cf455eb0",
    "winning_amount": 2300.0,
    "payment_status": "completed",
    "payment_transaction_id": "AUTO-4d9aacc9-3cd5-411b-8dcc-7451b1d509ed",
    "commission_amount": 115.0,
    "broadcaster_share": 1955.0,
    "platform_share": 230.0,
    "ad_display_status": "pending",
    "created_at": "2025-05-14 16:20:08",
    "updated_at": "2025-05-14 16:20:08"
  }
}