{
  "daccbe2c-83a9-4191-b399-7c18d4b9bbc4": {
    "id": "daccbe2c-83a9-4191-b399-7c18d4b9bbc4",
    "auction_id": "e079b01f-5d85-453c-8f59-f9897d4d1a97",
    "user_id": "eedae96e-36e7-4014-b6c8-1af9b04d2853",
    "strategy_id": "13c35a67-6d73-4dc1-b72e-d81bddc8a6f4",
    "amount": 8000.0,
    "status": "winning",
    "timestamp": "2025-05-07 14:07:33",
    "is_automated": true,
    "max_bid": 8000.0
  },
  "6aa3a8ef-ecea-4002-b350-ca69f2364922": {
    "id": "6aa3a8ef-ecea-4002-b350-ca69f2364922",
    "auction_id": "1fd7e30f-78d2-43ed-a788-18841dbfe8e2",
    "user_id": "eedae96e-36e7-4014-b6c8-1af9b04d2853",
    "strategy_id": "13c35a67-6d73-4dc1-b72e-d81bddc8a6f4",
    "amount": 8000.0,
    "status": "winning",
    "timestamp": "2025-05-08 15:53:07",
    "is_automated": true,
    "max_bid": 8000.0
  },
  "2ee8a259-d839-4525-89a3-c3c0445e187d": {
    "id": "2ee8a259-d839-4525-89a3-c3c0445e187d",
    "auction_id": "33b133b2-d62d-4de7-b20b-d7c17a5f90bb",
    "user_id": "f6cfa9a0-64a7-41a3-a095-5e23ef2ccb18",
    "strategy_id": "ce91e8ef-c255-4dfe-b057-2bd51a95eb0d",
    "amount": 4500.0,
    "status": "winning",
    "timestamp": "2025-05-08 15:53:46",
    "is_automated": true,
    "max_bid": 4500.0
  },
  "6753bb76-a184-4b89-acee-bdd6dc826967": {
    "id": "6753bb76-a184-4b89-acee-bdd6dc826967",
    "auction_id": "1f8615d5-9379-41c4-a4f9-83853fcea06a",
    "user_id": "eedae96e-36e7-4014-b6c8-1af9b04d2853",
    "strategy_id": "cd5d2951-e26b-42b0-8acb-0a089a847308",
    "amount": 3000.0,
    "status": "winning",
    "timestamp": "2025-05-08 15:54:14",
    "is_automated": true,
    "max_bid": 3000.0
  },
  "773043fb-aeb8-42c1-84b2-58900d53d3c9": {
    "id": "773043fb-aeb8-42c1-84b2-58900d53d3c9",
    "auction_id": "878cc700-b726-45ad-975a-5f9ba8b30e2a",
    "user_id": "1a031094-9e0f-4e4e-9667-b134f9a9fdbe",
    "strategy_id": "eccbf53c-3b01-4085-a46a-2849d89a487e",
    "amount": 10000.0,
    "status": "winning",
    "timestamp": "2025-05-08 15:55:23",
    "is_automated": true,
    "max_bid": 10000.0
  },
  "8e17181f-e0fd-4459-b79b-bdc1879758b6": {
    "id": "8e17181f-e0fd-4459-b79b-bdc1879758b6",
    "auction_id": "37fa8bf3-4dc2-4922-8955-fa784ba75681",
    "user_id": "eedae96e-36e7-4014-b6c8-1af9b04d2853",
    "strategy_id": "f19994bf-a361-45eb-9941-d6dfc932b823",
    "amount": 10000.0,
    "status": "winning",
    "timestamp": "2025-05-08 15:56:21",
    "is_automated": true,
    "max_bid": 10000.0
  },
  "0a61a5b8-620f-45af-87c2-3d85fd0f0470": {
    "id": "0a61a5b8-620f-45af-87c2-3d85fd0f0470",
    "auction_id": "ca32d332-4fdf-484e-b39f-298ccedb7eca",
    "user_id": "eedae96e-36e7-4014-b6c8-1af9b04d2853",
    "strategy_id": "1b697932-6796-4d23-becd-5d82cf455eb0",
    "amount": 4500.0,
    "status": "winning",
    "timestamp": "2025-05-08 15:57:33",
    "is_automated": true,
    "max_bid": 4500.0
  },
  "db7b5c6d-1751-48b6-bec3-6b57f62fc214": {
    "id": "db7b5c6d-1751-48b6-bec3-6b57f62fc214",
    "auction_id": "4d36cd50-adb0-4407-8ca2-491ca487c587",
    "user_id": "eedae96e-36e7-4014-b6c8-1af9b04d2853",
    "strategy_id": "13c35a67-6d73-4dc1-b72e-d81bddc8a6f4",
    "amount": 1000.0,
    "status": "active",
    "timestamp": "2025-05-10 13:44:23",
    "is_automated": true,
    "max_bid": 8000.0
  },
  "8c10d1d1-4274-4d9a-8742-af80c9654c94": {
    "id": "8c10d1d1-4274-4d9a-8742-af80c9654c94",
    "auction_id": "4d36cd50-adb0-4407-8ca2-491ca487c587",
    "user_id": "1a031094-9e0f-4e4e-9667-b134f9a9fdbe",
    "strategy_id": "10508e09-a92b-4c75-81e3-aa231361dd9a",
    "amount": 2000.0,
    "status": "outbid",
    "timestamp": "2025-05-10 13:44:23",
    "is_automated": true,
    "max_bid": 5000.0
  },
  "74a53f7f-2f0a-4c8c-a07d-3711f8f984a0": {
    "id": "74a53f7f-2f0a-4c8c-a07d-3711f8f984a0",
    "auction_id": "4d36cd50-adb0-4407-8ca2-491ca487c587",
    "user_id": "eedae96e-36e7-4014-b6c8-1af9b04d2853",
    "strategy_id": "13c35a67-6d73-4dc1-b72e-d81bddc8a6f4",
    "amount": 2200.0,
    "status": "active",
    "timestamp": "2025-05-10 13:44:23",
    "is_automated": true,
    "max_bid": 8000.0
  },
  "491bf561-82a3-426e-a65d-dd7b689a89ae": {
    "id": "491bf561-82a3-426e-a65d-dd7b689a89ae",
    "auction_id": "4d36cd50-adb0-4407-8ca2-491ca487c587",
    "user_id": "1a031094-9e0f-4e4e-9667-b134f9a9fdbe",
    "strategy_id": "10508e09-a92b-4c75-81e3-aa231361dd9a",
    "amount": 2400.0,
    "status": "outbid",
    "timestamp": "2025-05-10 13:44:23",
    "is_automated": true,
    "max_bid": 5000.0
  },
  "6f0de0a3-9601-4957-b8fc-015d1f17d3ca": {
    "id": "6f0de0a3-9601-4957-b8fc-015d1f17d3ca",
    "auction_id": "4d36cd50-adb0-4407-8ca2-491ca487c587",
    "user_id": "eedae96e-36e7-4014-b6c8-1af9b04d2853",
    "strategy_id": "13c35a67-6d73-4dc1-b72e-d81bddc8a6f4",
    "amount": 2600.0,
    "status": "active",
    "timestamp": "2025-05-10 13:44:23",
    "is_automated": true,
    "max_bid": 8000.0
  },
  "569cfe6c-071c-4cda-b691-b4905864a9b0": {
    "id": "569cfe6c-071c-4cda-b691-b4905864a9b0",
    "auction_id": "4d36cd50-adb0-4407-8ca2-491ca487c587",
    "user_id": "1a031094-9e0f-4e4e-9667-b134f9a9fdbe",
    "strategy_id": "10508e09-a92b-4c75-81e3-aa231361dd9a",
    "amount": 2800.0,
    "status": "outbid",
    "timestamp": "2025-05-10 13:44:23",
    "is_automated": true,
    "max_bid": 5000.0
  },
  "166a0d64-b271-48ef-8080-325e8b63835b": {
    "id": "166a0d64-b271-48ef-8080-325e8b63835b",
    "auction_id": "4d36cd50-adb0-4407-8ca2-491ca487c587",
    "user_id": "eedae96e-36e7-4014-b6c8-1af9b04d2853",
    "strategy_id": "13c35a67-6d73-4dc1-b72e-d81bddc8a6f4",
    "amount": 3000.0,
    "status": "active",
    "timestamp": "2025-05-10 13:44:23",
    "is_automated": true,
    "max_bid": 8000.0
  },
  "3df06b64-ea9d-48a5-8ee8-4c0880dce8eb": {
    "id": "3df06b64-ea9d-48a5-8ee8-4c0880dce8eb",
    "auction_id": "4d36cd50-adb0-4407-8ca2-491ca487c587",
    "user_id": "1a031094-9e0f-4e4e-9667-b134f9a9fdbe",
    "strategy_id": "10508e09-a92b-4c75-81e3-aa231361dd9a",
    "amount": 3200.0,
    "status": "outbid",
    "timestamp": "2025-05-10 13:44:23",
    "is_automated": true,
    "max_bid": 5000.0
  },
  "296b68ba-cfdf-4c3a-81d0-55bcb2caab41": {
    "id": "296b68ba-cfdf-4c3a-81d0-55bcb2caab41",
    "auction_id": "4d36cd50-adb0-4407-8ca2-491ca487c587",
    "user_id": "eedae96e-36e7-4014-b6c8-1af9b04d2853",
    "strategy_id": "13c35a67-6d73-4dc1-b72e-d81bddc8a6f4",
    "amount": 3400.0,
    "status": "active",
    "timestamp": "2025-05-10 13:44:23",
    "is_automated": true,
    "max_bid": 8000.0
  },
  "5776eae0-6701-4e5a-afce-a193a65cd5f1": {
    "id": "5776eae0-6701-4e5a-afce-a193a65cd5f1",
    "auction_id": "4d36cd50-adb0-4407-8ca2-491ca487c587",
    "user_id": "1a031094-9e0f-4e4e-9667-b134f9a9fdbe",
    "strategy_id": "10508e09-a92b-4c75-81e3-aa231361dd9a",
    "amount": 3600.0,
    "status": "outbid",
    "timestamp": "2025-05-10 13:44:23",
    "is_automated": true,
    "max_bid": 5000.0
  },
  "e8339e34-8f32-4bb5-9c1a-67e52818f32a": {
    "id": "e8339e34-8f32-4bb5-9c1a-67e52818f32a",
    "auction_id": "4d36cd50-adb0-4407-8ca2-491ca487c587",
    "user_id": "eedae96e-36e7-4014-b6c8-1af9b04d2853",
    "strategy_id": "13c35a67-6d73-4dc1-b72e-d81bddc8a6f4",
    "amount": 3800.0,
    "status": "active",
    "timestamp": "2025-05-10 13:44:23",
    "is_automated": true,
    "max_bid": 8000.0
  },
  "13631628-49af-4e38-8033-27df51ed63c2": {
    "id": "13631628-49af-4e38-8033-27df51ed63c2",
    "auction_id": "4d36cd50-adb0-4407-8ca2-491ca487c587",
    "user_id": "1a031094-9e0f-4e4e-9667-b134f9a9fdbe",
    "strategy_id": "10508e09-a92b-4c75-81e3-aa231361dd9a",
    "amount": 4000.0,
    "status": "outbid",
    "timestamp": "2025-05-10 13:44:23",
    "is_automated": true,
    "max_bid": 5000.0
  },
  "940badfa-1fe7-4b96-a2c1-0ac2cc94f02c": {
    "id": "940badfa-1fe7-4b96-a2c1-0ac2cc94f02c",
    "auction_id": "4d36cd50-adb0-4407-8ca2-491ca487c587",
    "user_id": "eedae96e-36e7-4014-b6c8-1af9b04d2853",
    "strategy_id": "13c35a67-6d73-4dc1-b72e-d81bddc8a6f4",
    "amount": 4200.0,
    "status": "active",
    "timestamp": "2025-05-10 13:44:23",
    "is_automated": true,
    "max_bid": 8000.0
  },
  "09101f96-4b54-4d6c-8fcb-561e89a87f26": {
    "id": "09101f96-4b54-4d6c-8fcb-561e89a87f26",
    "auction_id": "4d36cd50-adb0-4407-8ca2-491ca487c587",
    "user_id": "1a031094-9e0f-4e4e-9667-b134f9a9fdbe",
    "strategy_id": "10508e09-a92b-4c75-81e3-aa231361dd9a",
    "amount": 4400.0,
    "status": "outbid",
    "timestamp": "2025-05-10 13:44:23",
    "is_automated": true,
    "max_bid": 5000.0
  },
  "3eff914a-7f5c-4600-a0a4-bf391040b55d": {
    "id": "3eff914a-7f5c-4600-a0a4-bf391040b55d",
    "auction_id": "4d36cd50-adb0-4407-8ca2-491ca487c587",
    "user_id": "eedae96e-36e7-4014-b6c8-1af9b04d2853",
    "strategy_id": "13c35a67-6d73-4dc1-b72e-d81bddc8a6f4",
    "amount": 4600.0,
    "status": "active",
    "timestamp": "2025-05-10 13:44:23",
    "is_automated": true,
    "max_bid": 8000.0
  },
  "ca6e695a-58e6-4ee3-9f73-d8ca999811b5": {
    "id": "ca6e695a-58e6-4ee3-9f73-d8ca999811b5",
    "auction_id": "4d36cd50-adb0-4407-8ca2-491ca487c587",
    "user_id": "1a031094-9e0f-4e4e-9667-b134f9a9fdbe",
    "strategy_id": "10508e09-a92b-4c75-81e3-aa231361dd9a",
    "amount": 4800.0,
    "status": "outbid",
    "timestamp": "2025-05-10 13:44:23",
    "is_automated": true,
    "max_bid": 5000.0
  },
  "a87815ea-0b7a-43e6-8342-f36de81d4896": {
    "id": "a87815ea-0b7a-43e6-8342-f36de81d4896",
    "auction_id": "4d36cd50-adb0-4407-8ca2-491ca487c587",
    "user_id": "eedae96e-36e7-4014-b6c8-1af9b04d2853",
    "strategy_id": "13c35a67-6d73-4dc1-b72e-d81bddc8a6f4",
    "amount": 5000.0,
    "status": "winning",
    "timestamp": "2025-05-10 13:44:23",
    "is_automated": true,
    "max_bid": 8000.0
  },
  "ee1239a1-47c9-45b9-86c7-730c60d5dc3d": {
    "id": "ee1239a1-47c9-45b9-86c7-730c60d5dc3d",
    "auction_id": "0ae36fbe-9db6-40f8-8455-6c176c77d09f",
    "user_id": "f6cfa9a0-64a7-41a3-a095-5e23ef2ccb18",
    "strategy_id": "ce91e8ef-c255-4dfe-b057-2bd51a95eb0d",
    "amount": 1000.0,
    "status": "active",
    "timestamp": "2025-05-10 13:45:05",
    "is_automated": true,
    "max_bid": 4500.0
  },
  "5af3678e-b0aa-496a-975b-01b4e631c3ec": {
    "id": "5af3678e-b0aa-496a-975b-01b4e631c3ec",
    "auction_id": "0ae36fbe-9db6-40f8-8455-6c176c77d09f",
    "user_id": "1a031094-9e0f-4e4e-9667-b134f9a9fdbe",
    "strategy_id": "deee7fe5-fa9f-4df9-9a96-e84e73b3902a",
    "amount": 1000.0,
    "status": "outbid",
    "timestamp": "2025-05-10 13:45:05",
    "is_automated": true,
    "max_bid": 4000.0
  },
  "992ccf0e-ecc3-423d-86c2-c37b81acd559": {
    "id": "992ccf0e-ecc3-423d-86c2-c37b81acd559",
    "auction_id": "0ae36fbe-9db6-40f8-8455-6c176c77d09f",
    "user_id": "eedae96e-36e7-4014-b6c8-1af9b04d2853",
    "strategy_id": "445b5a90-507f-4583-b92d-2f3eddf0aa27",
    "amount": 1000.0,
    "status": "outbid",
    "timestamp": "2025-05-10 13:45:05",
    "is_automated": true,
    "max_bid": 2000.0
  },
  "1353e4a3-60cf-47b6-872c-0d0ec3050e03": {
    "id": "1353e4a3-60cf-47b6-872c-0d0ec3050e03",
    "auction_id": "0ae36fbe-9db6-40f8-8455-6c176c77d09f",
    "user_id": "1a031094-9e0f-4e4e-9667-b134f9a9fdbe",
    "strategy_id": "deee7fe5-fa9f-4df9-9a96-e84e73b3902a",
    "amount": 1100.0,
    "status": "outbid",
    "timestamp": "2025-05-10 13:45:05",
    "is_automated": true,
    "max_bid": 4000.0
  },
  "6098cfdb-3c2e-4cae-a0f6-685f08162d82": {
    "id": "6098cfdb-3c2e-4cae-a0f6-685f08162d82",
    "auction_id": "0ae36fbe-9db6-40f8-8455-6c176c77d09f",
    "user_id": "eedae96e-36e7-4014-b6c8-1af9b04d2853",
    "strategy_id": "445b5a90-507f-4583-b92d-2f3eddf0aa27",
    "amount": 1100.0,
    "status": "outbid",
    "timestamp": "2025-05-10 13:45:05",
    "is_automated": true,
    "max_bid": 2000.0
  },
  "185a4b99-6132-4a6d-8d84-1d3e8540133a": {
    "id": "185a4b99-6132-4a6d-8d84-1d3e8540133a",
    "auction_id": "0ae36fbe-9db6-40f8-8455-6c176c77d09f",
    "user_id": "f6cfa9a0-64a7-41a3-a095-5e23ef2ccb18",
    "strategy_id": "ce91e8ef-c255-4dfe-b057-2bd51a95eb0d",
    "amount": 1300.0,
    "status": "active",
    "timestamp": "2025-05-10 13:45:05",
    "is_automated": true,
    "max_bid": 4500.0
  },
  "dc91eabb-01e2-41a6-9c22-c9e3fabcec39": {
    "id": "dc91eabb-01e2-41a6-9c22-c9e3fabcec39",
    "auction_id": "0ae36fbe-9db6-40f8-8455-6c176c77d09f",
    "user_id": "eedae96e-36e7-4014-b6c8-1af9b04d2853",
    "strategy_id": "445b5a90-507f-4583-b92d-2f3eddf0aa27",
    "amount": 1200.0,
    "status": "outbid",
    "timestamp": "2025-05-10 13:45:05",
    "is_automated": true,
    "max_bid": 2000.0
  },
  "57c5546a-1132-44ef-bafc-8ab43ffe9b55": {
    "id": "57c5546a-1132-44ef-bafc-8ab43ffe9b55",
    "auction_id": "0ae36fbe-9db6-40f8-8455-6c176c77d09f",
    "user_id": "1a031094-9e0f-4e4e-9667-b134f9a9fdbe",
    "strategy_id": "deee7fe5-fa9f-4df9-9a96-e84e73b3902a",
    "amount": 1400.0,
    "status": "outbid",
    "timestamp": "2025-05-10 13:45:05",
    "is_automated": true,
    "max_bid": 4000.0
  },
  "43a3bda6-8a5d-41d6-aae8-4615b6dbcdd1": {
    "id": "43a3bda6-8a5d-41d6-aae8-4615b6dbcdd1",
    "auction_id": "0ae36fbe-9db6-40f8-8455-6c176c77d09f",
    "user_id": "eedae96e-36e7-4014-b6c8-1af9b04d2853",
    "strategy_id": "445b5a90-507f-4583-b92d-2f3eddf0aa27",
    "amount": 1400.0,
    "status": "outbid",
    "timestamp": "2025-05-10 13:45:05",
    "is_automated": true,
    "max_bid": 2000.0
  },
  "c6477ffa-512c-4dcf-aaa8-7864e943c75e": {
    "id": "c6477ffa-512c-4dcf-aaa8-7864e943c75e",
    "auction_id": "0ae36fbe-9db6-40f8-8455-6c176c77d09f",
    "user_id": "f6cfa9a0-64a7-41a3-a095-5e23ef2ccb18",
    "strategy_id": "ce91e8ef-c255-4dfe-b057-2bd51a95eb0d",
    "amount": 1600.0,
    "status": "active",
    "timestamp": "2025-05-10 13:45:05",
    "is_automated": true,
    "max_bid": 4500.0
  },
  "7e61817c-849e-453a-a4e6-495b285f440c": {
    "id": "7e61817c-849e-453a-a4e6-495b285f440c",
    "auction_id": "0ae36fbe-9db6-40f8-8455-6c176c77d09f",
    "user_id": "eedae96e-36e7-4014-b6c8-1af9b04d2853",
    "strategy_id": "445b5a90-507f-4583-b92d-2f3eddf0aa27",
    "amount": 1500.0,
    "status": "outbid",
    "timestamp": "2025-05-10 13:45:05",
    "is_automated": true,
    "max_bid": 2000.0
  },
  "e99fbd34-d5b6-4521-a406-3328c258a473": {
    "id": "e99fbd34-d5b6-4521-a406-3328c258a473",
    "auction_id": "0ae36fbe-9db6-40f8-8455-6c176c77d09f",
    "user_id": "1a031094-9e0f-4e4e-9667-b134f9a9fdbe",
    "strategy_id": "deee7fe5-fa9f-4df9-9a96-e84e73b3902a",
    "amount": 1700.0,
    "status": "outbid",
    "timestamp": "2025-05-10 13:45:05",
    "is_automated": true,
    "max_bid": 4000.0
  },
  "22170627-4b63-4d63-9561-32647a750479": {
    "id": "22170627-4b63-4d63-9561-32647a750479",
    "auction_id": "0ae36fbe-9db6-40f8-8455-6c176c77d09f",
    "user_id": "eedae96e-36e7-4014-b6c8-1af9b04d2853",
    "strategy_id": "445b5a90-507f-4583-b92d-2f3eddf0aa27",
    "amount": 1700.0,
    "status": "outbid",
    "timestamp": "2025-05-10 13:45:05",
    "is_automated": true,
    "max_bid": 2000.0
  },
  "ce74164f-63f8-4a05-8397-d3b1c1f9ca76": {
    "id": "ce74164f-63f8-4a05-8397-d3b1c1f9ca76",
    "auction_id": "0ae36fbe-9db6-40f8-8455-6c176c77d09f",
    "user_id": "f6cfa9a0-64a7-41a3-a095-5e23ef2ccb18",
    "strategy_id": "ce91e8ef-c255-4dfe-b057-2bd51a95eb0d",
    "amount": 1900.0,
    "status": "active",
    "timestamp": "2025-05-10 13:45:05",
    "is_automated": true,
    "max_bid": 4500.0
  },
  "42807d79-6772-46b6-ad0a-f4771aada7eb": {
    "id": "42807d79-6772-46b6-ad0a-f4771aada7eb",
    "auction_id": "0ae36fbe-9db6-40f8-8455-6c176c77d09f",
    "user_id": "eedae96e-36e7-4014-b6c8-1af9b04d2853",
    "strategy_id": "445b5a90-507f-4583-b92d-2f3eddf0aa27",
    "amount": 1800.0,
    "status": "outbid",
    "timestamp": "2025-05-10 13:45:05",
    "is_automated": true,
    "max_bid": 2000.0
  },
  "92af3b4f-64dc-4cb3-a83d-097c375a85b2": {
    "id": "92af3b4f-64dc-4cb3-a83d-097c375a85b2",
    "auction_id": "0ae36fbe-9db6-40f8-8455-6c176c77d09f",
    "user_id": "1a031094-9e0f-4e4e-9667-b134f9a9fdbe",
    "strategy_id": "deee7fe5-fa9f-4df9-9a96-e84e73b3902a",
    "amount": 2000.0,
    "status": "outbid",
    "timestamp": "2025-05-10 13:45:05",
    "is_automated": true,
    "max_bid": 4000.0
  },
  "ac731436-1e57-44ae-b291-ac3c1f69e5f5": {
    "id": "ac731436-1e57-44ae-b291-ac3c1f69e5f5",
    "auction_id": "0ae36fbe-9db6-40f8-8455-6c176c77d09f",
    "user_id": "eedae96e-36e7-4014-b6c8-1af9b04d2853",
    "strategy_id": "445b5a90-507f-4583-b92d-2f3eddf0aa27",
    "amount": 2000.0,
    "status": "outbid",
    "timestamp": "2025-05-10 13:45:05",
    "is_automated": true,
    "max_bid": 2000.0
  },
  "fd863ac6-d44f-4e8c-bf0b-16df65adc2d7": {
    "id": "fd863ac6-d44f-4e8c-bf0b-16df65adc2d7",
    "auction_id": "0ae36fbe-9db6-40f8-8455-6c176c77d09f",
    "user_id": "f6cfa9a0-64a7-41a3-a095-5e23ef2ccb18",
    "strategy_id": "ce91e8ef-c255-4dfe-b057-2bd51a95eb0d",
    "amount": 2200.0,
    "status": "active",
    "timestamp": "2025-05-10 13:45:05",
    "is_automated": true,
    "max_bid": 4500.0
  },
  "25a83f06-0f7b-464d-8f18-49c6400a0705": {
    "id": "25a83f06-0f7b-464d-8f18-49c6400a0705",
    "auction_id": "0ae36fbe-9db6-40f8-8455-6c176c77d09f",
    "user_id": "1a031094-9e0f-4e4e-9667-b134f9a9fdbe",
    "strategy_id": "deee7fe5-fa9f-4df9-9a96-e84e73b3902a",
    "amount": 2300.0,
    "status": "outbid",
    "timestamp": "2025-05-10 13:45:05",
    "is_automated": true,
    "max_bid": 4000.0
  },
  "e7d2e498-9fff-4334-ab34-74c455d6893e": {
    "id": "e7d2e498-9fff-4334-ab34-74c455d6893e",
    "auction_id": "0ae36fbe-9db6-40f8-8455-6c176c77d09f",
    "user_id": "f6cfa9a0-64a7-41a3-a095-5e23ef2ccb18",
    "strategy_id": "ce91e8ef-c255-4dfe-b057-2bd51a95eb0d",
    "amount": 2500.0,
    "status": "active",
    "timestamp": "2025-05-10 13:45:05",
    "is_automated": true,
    "max_bid": 4500.0
  },
  "70dfe96c-45f3-4c3a-9556-9fd7206c3c9e": {
    "id": "70dfe96c-45f3-4c3a-9556-9fd7206c3c9e",
    "auction_id": "0ae36fbe-9db6-40f8-8455-6c176c77d09f",
    "user_id": "1a031094-9e0f-4e4e-9667-b134f9a9fdbe",
    "strategy_id": "deee7fe5-fa9f-4df9-9a96-e84e73b3902a",
    "amount": 2600.0,
    "status": "outbid",
    "timestamp": "2025-05-10 13:45:05",
    "is_automated": true,
    "max_bid": 4000.0
  },
  "b8c9a939-4981-423e-9d85-092195c53cbc": {
    "id": "b8c9a939-4981-423e-9d85-092195c53cbc",
    "auction_id": "0ae36fbe-9db6-40f8-8455-6c176c77d09f",
    "user_id": "f6cfa9a0-64a7-41a3-a095-5e23ef2ccb18",
    "strategy_id": "ce91e8ef-c255-4dfe-b057-2bd51a95eb0d",
    "amount": 2800.0,
    "status": "active",
    "timestamp": "2025-05-10 13:45:05",
    "is_automated": true,
    "max_bid": 4500.0
  },
  "6b8338db-ac0c-4484-b9bc-e0a22e1e2b2c": {
    "id": "6b8338db-ac0c-4484-b9bc-e0a22e1e2b2c",
    "auction_id": "0ae36fbe-9db6-40f8-8455-6c176c77d09f",
    "user_id": "1a031094-9e0f-4e4e-9667-b134f9a9fdbe",
    "strategy_id": "deee7fe5-fa9f-4df9-9a96-e84e73b3902a",
    "amount": 2900.0,
    "status": "outbid",
    "timestamp": "2025-05-10 13:45:05",
    "is_automated": true,
    "max_bid": 4000.0
  },
  "8cc058d1-ea09-4671-a1f7-73991c14b1fa": {
    "id": "8cc058d1-ea09-4671-a1f7-73991c14b1fa",
    "auction_id": "0ae36fbe-9db6-40f8-8455-6c176c77d09f",
    "user_id": "f6cfa9a0-64a7-41a3-a095-5e23ef2ccb18",
    "strategy_id": "ce91e8ef-c255-4dfe-b057-2bd51a95eb0d",
    "amount": 3100.0,
    "status": "active",
    "timestamp": "2025-05-10 13:45:05",
    "is_automated": true,
    "max_bid": 4500.0
  },
  "c327bff5-7155-4790-aed7-27949a0241b3": {
    "id": "c327bff5-7155-4790-aed7-27949a0241b3",
    "auction_id": "0ae36fbe-9db6-40f8-8455-6c176c77d09f",
    "user_id": "1a031094-9e0f-4e4e-9667-b134f9a9fdbe",
    "strategy_id": "deee7fe5-fa9f-4df9-9a96-e84e73b3902a",
    "amount": 3200.0,
    "status": "outbid",
    "timestamp": "2025-05-10 13:45:05",
    "is_automated": true,
    "max_bid": 4000.0
  },
  "37860104-8388-421b-a32b-9d9b83f45bb1": {
    "id": "37860104-8388-421b-a32b-9d9b83f45bb1",
    "auction_id": "0ae36fbe-9db6-40f8-8455-6c176c77d09f",
    "user_id": "f6cfa9a0-64a7-41a3-a095-5e23ef2ccb18",
    "strategy_id": "ce91e8ef-c255-4dfe-b057-2bd51a95eb0d",
    "amount": 3400.0,
    "status": "active",
    "timestamp": "2025-05-10 13:45:05",
    "is_automated": true,
    "max_bid": 4500.0
  },
  "6be75258-c3d7-424b-8eb3-619da3d7fe40": {
    "id": "6be75258-c3d7-424b-8eb3-619da3d7fe40",
    "auction_id": "0ae36fbe-9db6-40f8-8455-6c176c77d09f",
    "user_id": "1a031094-9e0f-4e4e-9667-b134f9a9fdbe",
    "strategy_id": "deee7fe5-fa9f-4df9-9a96-e84e73b3902a",
    "amount": 3500.0,
    "status": "outbid",
    "timestamp": "2025-05-10 13:45:05",
    "is_automated": true,
    "max_bid": 4000.0
  },
  "6f60d984-507b-4e45-a1e6-93e2a0f1a1ef": {
    "id": "6f60d984-507b-4e45-a1e6-93e2a0f1a1ef",
    "auction_id": "0ae36fbe-9db6-40f8-8455-6c176c77d09f",
    "user_id": "f6cfa9a0-64a7-41a3-a095-5e23ef2ccb18",
    "strategy_id": "ce91e8ef-c255-4dfe-b057-2bd51a95eb0d",
    "amount": 3700.0,
    "status": "active",
    "timestamp": "2025-05-10 13:45:05",
    "is_automated": true,
    "max_bid": 4500.0
  },
  "d627e679-979c-4eb0-8af4-fed480ceb8e4": {
    "id": "d627e679-979c-4eb0-8af4-fed480ceb8e4",
    "auction_id": "0ae36fbe-9db6-40f8-8455-6c176c77d09f",
    "user_id": "1a031094-9e0f-4e4e-9667-b134f9a9fdbe",
    "strategy_id": "deee7fe5-fa9f-4df9-9a96-e84e73b3902a",
    "amount": 3800.0,
    "status": "outbid",
    "timestamp": "2025-05-10 13:45:05",
    "is_automated": true,
    "max_bid": 4000.0
  },
  "004fdafc-56f3-46d2-926c-8d0c23f71658": {
    "id": "004fdafc-56f3-46d2-926c-8d0c23f71658",
    "auction_id": "0ae36fbe-9db6-40f8-8455-6c176c77d09f",
    "user_id": "f6cfa9a0-64a7-41a3-a095-5e23ef2ccb18",
    "strategy_id": "ce91e8ef-c255-4dfe-b057-2bd51a95eb0d",
    "amount": 4000.0,
    "status": "winning",
    "timestamp": "2025-05-10 13:45:05",
    "is_automated": true,
    "max_bid": 4500.0
  },
  "d2a97df1-659e-45fc-a59b-a9e7526ea690": {
    "id": "d2a97df1-659e-45fc-a59b-a9e7526ea690",
    "auction_id": "e332b744-eb43-4365-a41d-9b4a95739d78",
    "user_id": "f6cfa9a0-64a7-41a3-a095-5e23ef2ccb18",
    "strategy_id": "d3f7f7e7-b387-4dff-82cf-065e1a130165",
    "amount": 1000.0,
    "status": "outbid",
    "timestamp": "2025-05-10 14:20:58",
    "is_automated": true,
    "max_bid": 3500.0
  },
  "de0908b0-4338-4c3b-9d72-c2643de1e549": {
    "id": "de0908b0-4338-4c3b-9d72-c2643de1e549",
    "auction_id": "e332b744-eb43-4365-a41d-9b4a95739d78",
    "user_id": "1a031094-9e0f-4e4e-9667-b134f9a9fdbe",
    "strategy_id": "eccbf53c-3b01-4085-a46a-2849d89a487e",
    "amount": 1000.0,
    "status": "active",
    "timestamp": "2025-05-10 14:20:58",
    "is_automated": true,
    "max_bid": 10000.0
  },
  "15dd2fe4-7a60-4702-bb71-793a02825183": {
    "id": "15dd2fe4-7a60-4702-bb71-793a02825183",
    "auction_id": "e332b744-eb43-4365-a41d-9b4a95739d78",
    "user_id": "eedae96e-36e7-4014-b6c8-1af9b04d2853",
    "strategy_id": "01bd0ac5-86e8-472d-8c9e-3e57d27370fc",
    "amount": 2500.0,
    "status": "outbid",
    "timestamp": "2025-05-10 14:20:58",
    "is_automated": true,
    "max_bid": 5000.0
  },
  "4a1b2d5c-6157-4b11-9c25-728771db9e1c": {
    "id": "4a1b2d5c-6157-4b11-9c25-728771db9e1c",
    "auction_id": "e332b744-eb43-4365-a41d-9b4a95739d78",
    "user_id": "f6cfa9a0-64a7-41a3-a095-5e23ef2ccb18",
    "strategy_id": "d3f7f7e7-b387-4dff-82cf-065e1a130165",
    "amount": 2600.0,
    "status": "outbid",
    "timestamp": "2025-05-10 14:20:58",
    "is_automated": true,
    "max_bid": 3500.0
  },
  "025a54d2-6646-4331-90a7-87d44769a0fb": {
    "id": "025a54d2-6646-4331-90a7-87d44769a0fb",
    "auction_id": "e332b744-eb43-4365-a41d-9b4a95739d78",
    "user_id": "1a031094-9e0f-4e4e-9667-b134f9a9fdbe",
    "strategy_id": "eccbf53c-3b01-4085-a46a-2849d89a487e",
    "amount": 3000.0,
    "status": "active",
    "timestamp": "2025-05-10 14:20:58",
    "is_automated": true,
    "max_bid": 10000.0
  },
  "832e7f9a-f37f-47ff-b33a-49e8e522cd93": {
    "id": "832e7f9a-f37f-47ff-b33a-49e8e522cd93",
    "auction_id": "e332b744-eb43-4365-a41d-9b4a95739d78",
    "user_id": "f6cfa9a0-64a7-41a3-a095-5e23ef2ccb18",
    "strategy_id": "d3f7f7e7-b387-4dff-82cf-065e1a130165",
    "amount": 3100.0,
    "status": "outbid",
    "timestamp": "2025-05-10 14:20:58",
    "is_automated": true,
    "max_bid": 3500.0
  },
  "a18390cf-211f-439c-ab37-c0c3061413cf": {
    "id": "a18390cf-211f-439c-ab37-c0c3061413cf",
    "auction_id": "e332b744-eb43-4365-a41d-9b4a95739d78",
    "user_id": "eedae96e-36e7-4014-b6c8-1af9b04d2853",
    "strategy_id": "01bd0ac5-86e8-472d-8c9e-3e57d27370fc",
    "amount": 3300.0,
    "status": "outbid",
    "timestamp": "2025-05-10 14:20:58",
    "is_automated": true,
    "max_bid": 5000.0
  },
  "710881cf-b71f-4035-8962-dd518d29efd2": {
    "id": "710881cf-b71f-4035-8962-dd518d29efd2",
    "auction_id": "e332b744-eb43-4365-a41d-9b4a95739d78",
    "user_id": "f6cfa9a0-64a7-41a3-a095-5e23ef2ccb18",
    "strategy_id": "d3f7f7e7-b387-4dff-82cf-065e1a130165",
    "amount": 3400.0,
    "status": "outbid",
    "timestamp": "2025-05-10 14:20:58",
    "is_automated": true,
    "max_bid": 3500.0
  },
  "fd2399b5-06cf-4398-97ee-731d9bb1640a": {
    "id": "fd2399b5-06cf-4398-97ee-731d9bb1640a",
    "auction_id": "e332b744-eb43-4365-a41d-9b4a95739d78",
    "user_id": "1a031094-9e0f-4e4e-9667-b134f9a9fdbe",
    "strategy_id": "eccbf53c-3b01-4085-a46a-2849d89a487e",
    "amount": 3800.0,
    "status": "active",
    "timestamp": "2025-05-10 14:20:58",
    "is_automated": true,
    "max_bid": 10000.0
  },
  "4e9b74c4-4b16-4216-b4d9-3f843ea969ca": {
    "id": "4e9b74c4-4b16-4216-b4d9-3f843ea969ca",
    "auction_id": "e332b744-eb43-4365-a41d-9b4a95739d78",
    "user_id": "eedae96e-36e7-4014-b6c8-1af9b04d2853",
    "strategy_id": "01bd0ac5-86e8-472d-8c9e-3e57d27370fc",
    "amount": 4100.0,
    "status": "outbid",
    "timestamp": "2025-05-10 14:20:58",
    "is_automated": true,
    "max_bid": 5000.0
  },
  "a5da4cde-4f76-49af-ac4e-27ac15dcd380": {
    "id": "a5da4cde-4f76-49af-ac4e-27ac15dcd380",
    "auction_id": "e332b744-eb43-4365-a41d-9b4a95739d78",
    "user_id": "1a031094-9e0f-4e4e-9667-b134f9a9fdbe",
    "strategy_id": "eccbf53c-3b01-4085-a46a-2849d89a487e",
    "amount": 4600.0,
    "status": "active",
    "timestamp": "2025-05-10 14:20:58",
    "is_automated": true,
    "max_bid": 10000.0
  },
  "ee88cf70-c7ce-435d-b160-5e37c72702c7": {
    "id": "ee88cf70-c7ce-435d-b160-5e37c72702c7",
    "auction_id": "e332b744-eb43-4365-a41d-9b4a95739d78",
    "user_id": "eedae96e-36e7-4014-b6c8-1af9b04d2853",
    "strategy_id": "01bd0ac5-86e8-472d-8c9e-3e57d27370fc",
    "amount": 4900.0,
    "status": "outbid",
    "timestamp": "2025-05-10 14:20:58",
    "is_automated": true,
    "max_bid": 5000.0
  },
  "cdf94695-c934-4c29-be18-0ca1e5d3c5af": {
    "id": "cdf94695-c934-4c29-be18-0ca1e5d3c5af",
    "auction_id": "e332b744-eb43-4365-a41d-9b4a95739d78",
    "user_id": "1a031094-9e0f-4e4e-9667-b134f9a9fdbe",
    "strategy_id": "eccbf53c-3b01-4085-a46a-2849d89a487e",
    "amount": 5400.0,
    "status": "winning",
    "timestamp": "2025-05-10 14:20:58",
    "is_automated": true,
    "max_bid": 10000.0
  },
  "17974231-9f0c-490f-a40f-b8c6721d6967": {
    "id": "17974231-9f0c-490f-a40f-b8c6721d6967",
    "auction_id": "fc9777f4-fb2e-42e1-b976-cf018522a8cd",
    "user_id": "f6cfa9a0-64a7-41a3-a095-5e23ef2ccb18",
    "strategy_id": "d3f7f7e7-b387-4dff-82cf-065e1a130165",
    "amount": 1000.0,
    "status": "outbid",
    "timestamp": "2025-05-12 11:52:42",
    "is_automated": true,
    "max_bid": 3500.0
  },
  "66d62a25-c066-450c-9d50-1c8748a0f729": {
    "id": "66d62a25-c066-450c-9d50-1c8748a0f729",
    "auction_id": "fc9777f4-fb2e-42e1-b976-cf018522a8cd",
    "user_id": "1a031094-9e0f-4e4e-9667-b134f9a9fdbe",
    "strategy_id": "eccbf53c-3b01-4085-a46a-2849d89a487e",
    "amount": 1000.0,
    "status": "active",
    "timestamp": "2025-05-12 11:52:42",
    "is_automated": true,
    "max_bid": 10000.0
  },
  "b24e67cb-d217-44ae-ab4d-381b501dbee1": {
    "id": "b24e67cb-d217-44ae-ab4d-381b501dbee1",
    "auction_id": "fc9777f4-fb2e-42e1-b976-cf018522a8cd",
    "user_id": "eedae96e-36e7-4014-b6c8-1af9b04d2853",
    "strategy_id": "01bd0ac5-86e8-472d-8c9e-3e57d27370fc",
    "amount": 2500.0,
    "status": "outbid",
    "timestamp": "2025-05-12 11:52:42",
    "is_automated": true,
    "max_bid": 5000.0
  },
  "734420ce-02a1-4892-a698-5c8ff1ea0d16": {
    "id": "734420ce-02a1-4892-a698-5c8ff1ea0d16",
    "auction_id": "fc9777f4-fb2e-42e1-b976-cf018522a8cd",
    "user_id": "f6cfa9a0-64a7-41a3-a095-5e23ef2ccb18",
    "strategy_id": "d3f7f7e7-b387-4dff-82cf-065e1a130165",
    "amount": 2600.0,
    "status": "outbid",
    "timestamp": "2025-05-12 11:52:42",
    "is_automated": true,
    "max_bid": 3500.0
  },
  "3a1d9563-7a40-4be0-8592-d52958516ea4": {
    "id": "3a1d9563-7a40-4be0-8592-d52958516ea4",
    "auction_id": "fc9777f4-fb2e-42e1-b976-cf018522a8cd",
    "user_id": "1a031094-9e0f-4e4e-9667-b134f9a9fdbe",
    "strategy_id": "eccbf53c-3b01-4085-a46a-2849d89a487e",
    "amount": 3000.0,
    "status": "active",
    "timestamp": "2025-05-12 11:52:42",
    "is_automated": true,
    "max_bid": 10000.0
  },
  "77a489c9-83a7-4fbc-90db-ac4c298e4702": {
    "id": "77a489c9-83a7-4fbc-90db-ac4c298e4702",
    "auction_id": "fc9777f4-fb2e-42e1-b976-cf018522a8cd",
    "user_id": "f6cfa9a0-64a7-41a3-a095-5e23ef2ccb18",
    "strategy_id": "d3f7f7e7-b387-4dff-82cf-065e1a130165",
    "amount": 3100.0,
    "status": "outbid",
    "timestamp": "2025-05-12 11:52:42",
    "is_automated": true,
    "max_bid": 3500.0
  },
  "3e237238-6901-4245-a2dd-f96a063e6ce6": {
    "id": "3e237238-6901-4245-a2dd-f96a063e6ce6",
    "auction_id": "fc9777f4-fb2e-42e1-b976-cf018522a8cd",
    "user_id": "eedae96e-36e7-4014-b6c8-1af9b04d2853",
    "strategy_id": "01bd0ac5-86e8-472d-8c9e-3e57d27370fc",
    "amount": 3300.0,
    "status": "outbid",
    "timestamp": "2025-05-12 11:52:42",
    "is_automated": true,
    "max_bid": 5000.0
  },
  "10aabfc7-e4e5-4bb4-a9f3-d64e0a3c0f9a": {
    "id": "10aabfc7-e4e5-4bb4-a9f3-d64e0a3c0f9a",
    "auction_id": "fc9777f4-fb2e-42e1-b976-cf018522a8cd",
    "user_id": "f6cfa9a0-64a7-41a3-a095-5e23ef2ccb18",
    "strategy_id": "d3f7f7e7-b387-4dff-82cf-065e1a130165",
    "amount": 3400.0,
    "status": "outbid",
    "timestamp": "2025-05-12 11:52:42",
    "is_automated": true,
    "max_bid": 3500.0
  },
  "15a946ac-b159-40f6-bce6-bf228c532103": {
    "id": "15a946ac-b159-40f6-bce6-bf228c532103",
    "auction_id": "fc9777f4-fb2e-42e1-b976-cf018522a8cd",
    "user_id": "1a031094-9e0f-4e4e-9667-b134f9a9fdbe",
    "strategy_id": "eccbf53c-3b01-4085-a46a-2849d89a487e",
    "amount": 3800.0,
    "status": "active",
    "timestamp": "2025-05-12 11:52:42",
    "is_automated": true,
    "max_bid": 10000.0
  },
  "9f0f6ff7-6046-4d8e-8377-b143877fb9d6": {
    "id": "9f0f6ff7-6046-4d8e-8377-b143877fb9d6",
    "auction_id": "fc9777f4-fb2e-42e1-b976-cf018522a8cd",
    "user_id": "eedae96e-36e7-4014-b6c8-1af9b04d2853",
    "strategy_id": "01bd0ac5-86e8-472d-8c9e-3e57d27370fc",
    "amount": 4100.0,
    "status": "outbid",
    "timestamp": "2025-05-12 11:52:42",
    "is_automated": true,
    "max_bid": 5000.0
  },
  "0aa50336-407b-4e7b-88b1-e521489ea4e7": {
    "id": "0aa50336-407b-4e7b-88b1-e521489ea4e7",
    "auction_id": "fc9777f4-fb2e-42e1-b976-cf018522a8cd",
    "user_id": "1a031094-9e0f-4e4e-9667-b134f9a9fdbe",
    "strategy_id": "eccbf53c-3b01-4085-a46a-2849d89a487e",
    "amount": 4600.0,
    "status": "active",
    "timestamp": "2025-05-12 11:52:42",
    "is_automated": true,
    "max_bid": 10000.0
  },
  "4241c87f-b94c-47c5-bc11-cb7f4531e1ac": {
    "id": "4241c87f-b94c-47c5-bc11-cb7f4531e1ac",
    "auction_id": "fc9777f4-fb2e-42e1-b976-cf018522a8cd",
    "user_id": "eedae96e-36e7-4014-b6c8-1af9b04d2853",
    "strategy_id": "01bd0ac5-86e8-472d-8c9e-3e57d27370fc",
    "amount": 4900.0,
    "status": "outbid",
    "timestamp": "2025-05-12 11:52:42",
    "is_automated": true,
    "max_bid": 5000.0
  },
  "4a12ac16-828e-49d3-b67f-154395662189": {
    "id": "4a12ac16-828e-49d3-b67f-154395662189",
    "auction_id": "fc9777f4-fb2e-42e1-b976-cf018522a8cd",
    "user_id": "1a031094-9e0f-4e4e-9667-b134f9a9fdbe",
    "strategy_id": "eccbf53c-3b01-4085-a46a-2849d89a487e",
    "amount": 5400.0,
    "status": "winning",
    "timestamp": "2025-05-12 11:52:42",
    "is_automated": true,
    "max_bid": 10000.0
  },
  "01e96ff4-51a0-4019-b961-066521eb2bf9": {
    "id": "01e96ff4-51a0-4019-b961-066521eb2bf9",
    "auction_id": "d01c3a49-bc31-47c5-9398-e0f3d0d87c0d",
    "user_id": "f6cfa9a0-64a7-41a3-a095-5e23ef2ccb18",
    "strategy_id": "d3f7f7e7-b387-4dff-82cf-065e1a130165",
    "amount": 1000.0,
    "status": "outbid",
    "timestamp": "2025-05-13 12:23:13",
    "is_automated": true,
    "max_bid": 3500.0
  },
  "5ab9875a-30b3-4239-b87e-e3c46668bd35": {
    "id": "5ab9875a-30b3-4239-b87e-e3c46668bd35",
    "auction_id": "d01c3a49-bc31-47c5-9398-e0f3d0d87c0d",
    "user_id": "1a031094-9e0f-4e4e-9667-b134f9a9fdbe",
    "strategy_id": "eccbf53c-3b01-4085-a46a-2849d89a487e",
    "amount": 1000.0,
    "status": "active",
    "timestamp": "2025-05-13 12:23:13",
    "is_automated": true,
    "max_bid": 10000.0
  },
  "9768debc-00a8-4669-9483-4ece3ad65ee7": {
    "id": "9768debc-00a8-4669-9483-4ece3ad65ee7",
    "auction_id": "d01c3a49-bc31-47c5-9398-e0f3d0d87c0d",
    "user_id": "eedae96e-36e7-4014-b6c8-1af9b04d2853",
    "strategy_id": "01bd0ac5-86e8-472d-8c9e-3e57d27370fc",
    "amount": 2500.0,
    "status": "outbid",
    "timestamp": "2025-05-13 12:23:13",
    "is_automated": true,
    "max_bid": 5000.0
  },
  "9ee63a96-971e-4fcd-b17e-578d9ac48591": {
    "id": "9ee63a96-971e-4fcd-b17e-578d9ac48591",
    "auction_id": "d01c3a49-bc31-47c5-9398-e0f3d0d87c0d",
    "user_id": "f6cfa9a0-64a7-41a3-a095-5e23ef2ccb18",
    "strategy_id": "d3f7f7e7-b387-4dff-82cf-065e1a130165",
    "amount": 2600.0,
    "status": "outbid",
    "timestamp": "2025-05-13 12:23:13",
    "is_automated": true,
    "max_bid": 3500.0
  },
  "3a5dc8be-231d-417a-ac90-5c6acf61e4a3": {
    "id": "3a5dc8be-231d-417a-ac90-5c6acf61e4a3",
    "auction_id": "d01c3a49-bc31-47c5-9398-e0f3d0d87c0d",
    "user_id": "1a031094-9e0f-4e4e-9667-b134f9a9fdbe",
    "strategy_id": "eccbf53c-3b01-4085-a46a-2849d89a487e",
    "amount": 3000.0,
    "status": "active",
    "timestamp": "2025-05-13 12:23:13",
    "is_automated": true,
    "max_bid": 10000.0
  },
  "7ef31b1f-7eab-4f28-a250-cd1632d6e43b": {
    "id": "7ef31b1f-7eab-4f28-a250-cd1632d6e43b",
    "auction_id": "d01c3a49-bc31-47c5-9398-e0f3d0d87c0d",
    "user_id": "f6cfa9a0-64a7-41a3-a095-5e23ef2ccb18",
    "strategy_id": "d3f7f7e7-b387-4dff-82cf-065e1a130165",
    "amount": 3100.0,
    "status": "outbid",
    "timestamp": "2025-05-13 12:23:13",
    "is_automated": true,
    "max_bid": 3500.0
  },
  "cf997227-8fa7-4973-a2ee-81f1335ff3cd": {
    "id": "cf997227-8fa7-4973-a2ee-81f1335ff3cd",
    "auction_id": "d01c3a49-bc31-47c5-9398-e0f3d0d87c0d",
    "user_id": "eedae96e-36e7-4014-b6c8-1af9b04d2853",
    "strategy_id": "01bd0ac5-86e8-472d-8c9e-3e57d27370fc",
    "amount": 3300.0,
    "status": "outbid",
    "timestamp": "2025-05-13 12:23:13",
    "is_automated": true,
    "max_bid": 5000.0
  },
  "0592d2a8-ef68-4466-a0c3-808a67c4b499": {
    "id": "0592d2a8-ef68-4466-a0c3-808a67c4b499",
    "auction_id": "d01c3a49-bc31-47c5-9398-e0f3d0d87c0d",
    "user_id": "f6cfa9a0-64a7-41a3-a095-5e23ef2ccb18",
    "strategy_id": "d3f7f7e7-b387-4dff-82cf-065e1a130165",
    "amount": 3400.0,
    "status": "outbid",
    "timestamp": "2025-05-13 12:23:13",
    "is_automated": true,
    "max_bid": 3500.0
  },
  "044d4eb4-78d9-4559-b3a6-6a66eb863246": {
    "id": "044d4eb4-78d9-4559-b3a6-6a66eb863246",
    "auction_id": "d01c3a49-bc31-47c5-9398-e0f3d0d87c0d",
    "user_id": "1a031094-9e0f-4e4e-9667-b134f9a9fdbe",
    "strategy_id": "eccbf53c-3b01-4085-a46a-2849d89a487e",
    "amount": 3800.0,
    "status": "active",
    "timestamp": "2025-05-13 12:23:13",
    "is_automated": true,
    "max_bid": 10000.0
  },
  "ebf3b0bc-6add-4132-8f26-417c30b73216": {
    "id": "ebf3b0bc-6add-4132-8f26-417c30b73216",
    "auction_id": "d01c3a49-bc31-47c5-9398-e0f3d0d87c0d",
    "user_id": "eedae96e-36e7-4014-b6c8-1af9b04d2853",
    "strategy_id": "01bd0ac5-86e8-472d-8c9e-3e57d27370fc",
    "amount": 4100.0,
    "status": "outbid",
    "timestamp": "2025-05-13 12:23:13",
    "is_automated": true,
    "max_bid": 5000.0
  },
  "925ce403-3b35-4d3c-9022-20949933d652": {
    "id": "925ce403-3b35-4d3c-9022-20949933d652",
    "auction_id": "d01c3a49-bc31-47c5-9398-e0f3d0d87c0d",
    "user_id": "1a031094-9e0f-4e4e-9667-b134f9a9fdbe",
    "strategy_id": "eccbf53c-3b01-4085-a46a-2849d89a487e",
    "amount": 4600.0,
    "status": "active",
    "timestamp": "2025-05-13 12:23:13",
    "is_automated": true,
    "max_bid": 10000.0
  },
  "5b4954d0-7ff4-464c-b3d3-fb22a6473c50": {
    "id": "5b4954d0-7ff4-464c-b3d3-fb22a6473c50",
    "auction_id": "d01c3a49-bc31-47c5-9398-e0f3d0d87c0d",
    "user_id": "eedae96e-36e7-4014-b6c8-1af9b04d2853",
    "strategy_id": "01bd0ac5-86e8-472d-8c9e-3e57d27370fc",
    "amount": 4900.0,
    "status": "outbid",
    "timestamp": "2025-05-13 12:23:13",
    "is_automated": true,
    "max_bid": 5000.0
  },
  "d0820655-690c-4d8b-94d4-db5c2c19cb7b": {
    "id": "d0820655-690c-4d8b-94d4-db5c2c19cb7b",
    "auction_id": "d01c3a49-bc31-47c5-9398-e0f3d0d87c0d",
    "user_id": "1a031094-9e0f-4e4e-9667-b134f9a9fdbe",
    "strategy_id": "eccbf53c-3b01-4085-a46a-2849d89a487e",
    "amount": 5400.0,
    "status": "winning",
    "timestamp": "2025-05-13 12:23:13",
    "is_automated": true,
    "max_bid": 10000.0
  },
  "57f2b4b9-1718-4bb7-afe2-78d16d6b846b": {
    "id": "57f2b4b9-1718-4bb7-afe2-78d16d6b846b",
    "auction_id": "be5826c8-c89e-4b26-92d0-62d8b6273c24",
    "user_id": "f6cfa9a0-64a7-41a3-a095-5e23ef2ccb18",
    "strategy_id": "d3f7f7e7-b387-4dff-82cf-065e1a130165",
    "amount": 1000.0,
    "status": "outbid",
    "timestamp": "2025-05-13 12:56:44",
    "is_automated": true,
    "max_bid": 3500.0
  },
  "2ae6165c-1273-4d56-9f89-e78952addee4": {
    "id": "2ae6165c-1273-4d56-9f89-e78952addee4",
    "auction_id": "be5826c8-c89e-4b26-92d0-62d8b6273c24",
    "user_id": "1a031094-9e0f-4e4e-9667-b134f9a9fdbe",
    "strategy_id": "eccbf53c-3b01-4085-a46a-2849d89a487e",
    "amount": 1000.0,
    "status": "active",
    "timestamp": "2025-05-13 12:56:44",
    "is_automated": true,
    "max_bid": 10000.0
  },
  "2d0a0124-a95a-4098-8691-2044c518fc6f": {
    "id": "2d0a0124-a95a-4098-8691-2044c518fc6f",
    "auction_id": "be5826c8-c89e-4b26-92d0-62d8b6273c24",
    "user_id": "eedae96e-36e7-4014-b6c8-1af9b04d2853",
    "strategy_id": "01bd0ac5-86e8-472d-8c9e-3e57d27370fc",
    "amount": 2500.0,
    "status": "outbid",
    "timestamp": "2025-05-13 12:56:44",
    "is_automated": true,
    "max_bid": 5000.0
  },
  "06065232-a22a-4c01-afdd-5592d2610aad": {
    "id": "06065232-a22a-4c01-afdd-5592d2610aad",
    "auction_id": "be5826c8-c89e-4b26-92d0-62d8b6273c24",
    "user_id": "f6cfa9a0-64a7-41a3-a095-5e23ef2ccb18",
    "strategy_id": "d3f7f7e7-b387-4dff-82cf-065e1a130165",
    "amount": 2600.0,
    "status": "outbid",
    "timestamp": "2025-05-13 12:56:44",
    "is_automated": true,
    "max_bid": 3500.0
  },
  "058161b3-2d84-4876-8129-791531eb2aa2": {
    "id": "058161b3-2d84-4876-8129-791531eb2aa2",
    "auction_id": "be5826c8-c89e-4b26-92d0-62d8b6273c24",
    "user_id": "1a031094-9e0f-4e4e-9667-b134f9a9fdbe",
    "strategy_id": "eccbf53c-3b01-4085-a46a-2849d89a487e",
    "amount": 3000.0,
    "status": "active",
    "timestamp": "2025-05-13 12:56:44",
    "is_automated": true,
    "max_bid": 10000.0
  },
  "fece9d2b-a987-44df-b994-a4d55c8628de": {
    "id": "fece9d2b-a987-44df-b994-a4d55c8628de",
    "auction_id": "be5826c8-c89e-4b26-92d0-62d8b6273c24",
    "user_id": "f6cfa9a0-64a7-41a3-a095-5e23ef2ccb18",
    "strategy_id": "d3f7f7e7-b387-4dff-82cf-065e1a130165",
    "amount": 3100.0,
    "status": "outbid",
    "timestamp": "2025-05-13 12:56:44",
    "is_automated": true,
    "max_bid": 3500.0
  },
  "a28fa71a-c462-488e-aba6-ba7ca697f0b3": {
    "id": "a28fa71a-c462-488e-aba6-ba7ca697f0b3",
    "auction_id": "be5826c8-c89e-4b26-92d0-62d8b6273c24",
    "user_id": "eedae96e-36e7-4014-b6c8-1af9b04d2853",
    "strategy_id": "01bd0ac5-86e8-472d-8c9e-3e57d27370fc",
    "amount": 3300.0,
    "status": "outbid",
    "timestamp": "2025-05-13 12:56:44",
    "is_automated": true,
    "max_bid": 5000.0
  },
  "9cfbbf50-2629-471b-9749-1d5012f1a19f": {
    "id": "9cfbbf50-2629-471b-9749-1d5012f1a19f",
    "auction_id": "be5826c8-c89e-4b26-92d0-62d8b6273c24",
    "user_id": "f6cfa9a0-64a7-41a3-a095-5e23ef2ccb18",
    "strategy_id": "d3f7f7e7-b387-4dff-82cf-065e1a130165",
    "amount": 3400.0,
    "status": "outbid",
    "timestamp": "2025-05-13 12:56:44",
    "is_automated": true,
    "max_bid": 3500.0
  },
  "05a78ccd-177d-420f-b08d-fe32c6ef4c85": {
    "id": "05a78ccd-177d-420f-b08d-fe32c6ef4c85",
    "auction_id": "be5826c8-c89e-4b26-92d0-62d8b6273c24",
    "user_id": "1a031094-9e0f-4e4e-9667-b134f9a9fdbe",
    "strategy_id": "eccbf53c-3b01-4085-a46a-2849d89a487e",
    "amount": 3800.0,
    "status": "active",
    "timestamp": "2025-05-13 12:56:44",
    "is_automated": true,
    "max_bid": 10000.0
  },
  "47b6b47d-6619-4db4-bca3-0af17740ffd0": {
    "id": "47b6b47d-6619-4db4-bca3-0af17740ffd0",
    "auction_id": "be5826c8-c89e-4b26-92d0-62d8b6273c24",
    "user_id": "eedae96e-36e7-4014-b6c8-1af9b04d2853",
    "strategy_id": "01bd0ac5-86e8-472d-8c9e-3e57d27370fc",
    "amount": 4100.0,
    "status": "outbid",
    "timestamp": "2025-05-13 12:56:44",
    "is_automated": true,
    "max_bid": 5000.0
  },
  "1da3c431-13e4-45e0-91aa-f924260ffbc4": {
    "id": "1da3c431-13e4-45e0-91aa-f924260ffbc4",
    "auction_id": "be5826c8-c89e-4b26-92d0-62d8b6273c24",
    "user_id": "1a031094-9e0f-4e4e-9667-b134f9a9fdbe",
    "strategy_id": "eccbf53c-3b01-4085-a46a-2849d89a487e",
    "amount": 4600.0,
    "status": "active",
    "timestamp": "2025-05-13 12:56:44",
    "is_automated": true,
    "max_bid": 10000.0
  },
  "404bcb0a-cdde-41fd-8654-a86746ddf0b4": {
    "id": "404bcb0a-cdde-41fd-8654-a86746ddf0b4",
    "auction_id": "be5826c8-c89e-4b26-92d0-62d8b6273c24",
    "user_id": "eedae96e-36e7-4014-b6c8-1af9b04d2853",
    "strategy_id": "01bd0ac5-86e8-472d-8c9e-3e57d27370fc",
    "amount": 4900.0,
    "status": "outbid",
    "timestamp": "2025-05-13 12:56:44",
    "is_automated": true,
    "max_bid": 5000.0
  },
  "e6a19948-7c5b-4476-852a-6a5e5da87084": {
    "id": "e6a19948-7c5b-4476-852a-6a5e5da87084",
    "auction_id": "be5826c8-c89e-4b26-92d0-62d8b6273c24",
    "user_id": "1a031094-9e0f-4e4e-9667-b134f9a9fdbe",
    "strategy_id": "eccbf53c-3b01-4085-a46a-2849d89a487e",
    "amount": 5400.0,
    "status": "winning",
    "timestamp": "2025-05-13 12:56:44",
    "is_automated": true,
    "max_bid": 10000.0
  },
  "26fbe91c-bec6-4f78-8752-0e9e246b46ac": {
    "id": "26fbe91c-bec6-4f78-8752-0e9e246b46ac",
    "auction_id": "b1e6b214-23c1-4240-8bf0-a482fed149cb",
    "user_id": "eedae96e-36e7-4014-b6c8-1af9b04d2853",
    "strategy_id": "13c35a67-6d73-4dc1-b72e-d81bddc8a6f4",
    "amount": 1000.0,
    "status": "active",
    "timestamp": "2025-05-13 13:01:05",
    "is_automated": true,
    "max_bid": 8000.0
  },
  "d6466261-2e53-451f-86dd-0c1f8264ddf8": {
    "id": "d6466261-2e53-451f-86dd-0c1f8264ddf8",
    "auction_id": "b1e6b214-23c1-4240-8bf0-a482fed149cb",
    "user_id": "1a031094-9e0f-4e4e-9667-b134f9a9fdbe",
    "strategy_id": "10508e09-a92b-4c75-81e3-aa231361dd9a",
    "amount": 2000.0,
    "status": "outbid",
    "timestamp": "2025-05-13 13:01:05",
    "is_automated": true,
    "max_bid": 5000.0
  },
  "c031fe7b-cf2b-4636-93b8-c96bc95a3c9a": {
    "id": "c031fe7b-cf2b-4636-93b8-c96bc95a3c9a",
    "auction_id": "b1e6b214-23c1-4240-8bf0-a482fed149cb",
    "user_id": "eedae96e-36e7-4014-b6c8-1af9b04d2853",
    "strategy_id": "13c35a67-6d73-4dc1-b72e-d81bddc8a6f4",
    "amount": 2200.0,
    "status": "active",
    "timestamp": "2025-05-13 13:01:05",
    "is_automated": true,
    "max_bid": 8000.0
  },
  "ab9bd451-7dc7-4bc4-8df3-8065e0188e5b": {
    "id": "ab9bd451-7dc7-4bc4-8df3-8065e0188e5b",
    "auction_id": "b1e6b214-23c1-4240-8bf0-a482fed149cb",
    "user_id": "1a031094-9e0f-4e4e-9667-b134f9a9fdbe",
    "strategy_id": "10508e09-a92b-4c75-81e3-aa231361dd9a",
    "amount": 2400.0,
    "status": "outbid",
    "timestamp": "2025-05-13 13:01:05",
    "is_automated": true,
    "max_bid": 5000.0
  },
  "19d77f92-d81b-45c9-b70a-722691427e82": {
    "id": "19d77f92-d81b-45c9-b70a-722691427e82",
    "auction_id": "b1e6b214-23c1-4240-8bf0-a482fed149cb",
    "user_id": "eedae96e-36e7-4014-b6c8-1af9b04d2853",
    "strategy_id": "13c35a67-6d73-4dc1-b72e-d81bddc8a6f4",
    "amount": 2600.0,
    "status": "active",
    "timestamp": "2025-05-13 13:01:05",
    "is_automated": true,
    "max_bid": 8000.0
  },
  "bcb49af2-43ce-462f-9be5-92ba3dcd15ff": {
    "id": "bcb49af2-43ce-462f-9be5-92ba3dcd15ff",
    "auction_id": "b1e6b214-23c1-4240-8bf0-a482fed149cb",
    "user_id": "1a031094-9e0f-4e4e-9667-b134f9a9fdbe",
    "strategy_id": "10508e09-a92b-4c75-81e3-aa231361dd9a",
    "amount": 2800.0,
    "status": "outbid",
    "timestamp": "2025-05-13 13:01:05",
    "is_automated": true,
    "max_bid": 5000.0
  },
  "df348936-edc6-4a88-a705-8c168a706653": {
    "id": "df348936-edc6-4a88-a705-8c168a706653",
    "auction_id": "b1e6b214-23c1-4240-8bf0-a482fed149cb",
    "user_id": "eedae96e-36e7-4014-b6c8-1af9b04d2853",
    "strategy_id": "13c35a67-6d73-4dc1-b72e-d81bddc8a6f4",
    "amount": 3000.0,
    "status": "active",
    "timestamp": "2025-05-13 13:01:05",
    "is_automated": true,
    "max_bid": 8000.0
  },
  "4259cc30-e9e9-4df3-ac32-3ce7780002ff": {
    "id": "4259cc30-e9e9-4df3-ac32-3ce7780002ff",
    "auction_id": "b1e6b214-23c1-4240-8bf0-a482fed149cb",
    "user_id": "1a031094-9e0f-4e4e-9667-b134f9a9fdbe",
    "strategy_id": "10508e09-a92b-4c75-81e3-aa231361dd9a",
    "amount": 3200.0,
    "status": "outbid",
    "timestamp": "2025-05-13 13:01:05",
    "is_automated": true,
    "max_bid": 5000.0
  },
  "995200f5-2726-4c64-982e-c3e0de8da497": {
    "id": "995200f5-2726-4c64-982e-c3e0de8da497",
    "auction_id": "b1e6b214-23c1-4240-8bf0-a482fed149cb",
    "user_id": "eedae96e-36e7-4014-b6c8-1af9b04d2853",
    "strategy_id": "13c35a67-6d73-4dc1-b72e-d81bddc8a6f4",
    "amount": 3400.0,
    "status": "active",
    "timestamp": "2025-05-13 13:01:05",
    "is_automated": true,
    "max_bid": 8000.0
  },
  "f1fc9bfd-fbf3-4b82-ad4b-945b875ba0e4": {
    "id": "f1fc9bfd-fbf3-4b82-ad4b-945b875ba0e4",
    "auction_id": "b1e6b214-23c1-4240-8bf0-a482fed149cb",
    "user_id": "1a031094-9e0f-4e4e-9667-b134f9a9fdbe",
    "strategy_id": "10508e09-a92b-4c75-81e3-aa231361dd9a",
    "amount": 3600.0,
    "status": "outbid",
    "timestamp": "2025-05-13 13:01:05",
    "is_automated": true,
    "max_bid": 5000.0
  },
  "f6b4ba84-0426-4aa6-9386-d73f95891430": {
    "id": "f6b4ba84-0426-4aa6-9386-d73f95891430",
    "auction_id": "b1e6b214-23c1-4240-8bf0-a482fed149cb",
    "user_id": "eedae96e-36e7-4014-b6c8-1af9b04d2853",
    "strategy_id": "13c35a67-6d73-4dc1-b72e-d81bddc8a6f4",
    "amount": 3800.0,
    "status": "active",
    "timestamp": "2025-05-13 13:01:05",
    "is_automated": true,
    "max_bid": 8000.0
  },
  "b3ca9706-f3ea-4213-87ec-048fade3a96a": {
    "id": "b3ca9706-f3ea-4213-87ec-048fade3a96a",
    "auction_id": "b1e6b214-23c1-4240-8bf0-a482fed149cb",
    "user_id": "1a031094-9e0f-4e4e-9667-b134f9a9fdbe",
    "strategy_id": "10508e09-a92b-4c75-81e3-aa231361dd9a",
    "amount": 4000.0,
    "status": "outbid",
    "timestamp": "2025-05-13 13:01:05",
    "is_automated": true,
    "max_bid": 5000.0
  },
  "493881f1-c1a1-4849-aa10-72f56c803ff6": {
    "id": "493881f1-c1a1-4849-aa10-72f56c803ff6",
    "auction_id": "b1e6b214-23c1-4240-8bf0-a482fed149cb",
    "user_id": "eedae96e-36e7-4014-b6c8-1af9b04d2853",
    "strategy_id": "13c35a67-6d73-4dc1-b72e-d81bddc8a6f4",
    "amount": 4200.0,
    "status": "active",
    "timestamp": "2025-05-13 13:01:05",
    "is_automated": true,
    "max_bid": 8000.0
  },
  "da2c622e-74fa-4bdc-bc36-ae6a8a7debeb": {
    "id": "da2c622e-74fa-4bdc-bc36-ae6a8a7debeb",
    "auction_id": "b1e6b214-23c1-4240-8bf0-a482fed149cb",
    "user_id": "1a031094-9e0f-4e4e-9667-b134f9a9fdbe",
    "strategy_id": "10508e09-a92b-4c75-81e3-aa231361dd9a",
    "amount": 4400.0,
    "status": "outbid",
    "timestamp": "2025-05-13 13:01:05",
    "is_automated": true,
    "max_bid": 5000.0
  },
  "5cb95dd8-5d26-4d4b-a2f9-78ea3b5e48d3": {
    "id": "5cb95dd8-5d26-4d4b-a2f9-78ea3b5e48d3",
    "auction_id": "b1e6b214-23c1-4240-8bf0-a482fed149cb",
    "user_id": "eedae96e-36e7-4014-b6c8-1af9b04d2853",
    "strategy_id": "13c35a67-6d73-4dc1-b72e-d81bddc8a6f4",
    "amount": 4600.0,
    "status": "active",
    "timestamp": "2025-05-13 13:01:05",
    "is_automated": true,
    "max_bid": 8000.0
  },
  "530cb6a4-1f98-4058-9d57-812ebe10be60": {
    "id": "530cb6a4-1f98-4058-9d57-812ebe10be60",
    "auction_id": "b1e6b214-23c1-4240-8bf0-a482fed149cb",
    "user_id": "1a031094-9e0f-4e4e-9667-b134f9a9fdbe",
    "strategy_id": "10508e09-a92b-4c75-81e3-aa231361dd9a",
    "amount": 4800.0,
    "status": "outbid",
    "timestamp": "2025-05-13 13:01:05",
    "is_automated": true,
    "max_bid": 5000.0
  },
  "597da73d-9a61-4bac-a2c9-06e5e2023861": {
    "id": "597da73d-9a61-4bac-a2c9-06e5e2023861",
    "auction_id": "b1e6b214-23c1-4240-8bf0-a482fed149cb",
    "user_id": "eedae96e-36e7-4014-b6c8-1af9b04d2853",
    "strategy_id": "13c35a67-6d73-4dc1-b72e-d81bddc8a6f4",
    "amount": 5000.0,
    "status": "winning",
    "timestamp": "2025-05-13 13:01:05",
    "is_automated": true,
    "max_bid": 8000.0
  },
  "6d3e02a5-3e21-405d-9add-5745bf108eaf": {
    "id": "6d3e02a5-3e21-405d-9add-5745bf108eaf",
    "auction_id": "e7f9e8d8-2e2c-4696-bfeb-093dbd9a156d",
    "user_id": "f6cfa9a0-64a7-41a3-a095-5e23ef2ccb18",
    "strategy_id": "9e302a82-6d17-4f8e-9b16-fb3e1d7092b8",
    "amount": 1000.0,
    "status": "outbid",
    "timestamp": "2025-05-14 16:20:08",
    "is_automated": true,
    "max_bid": 1500.0
  },
  "1e815edc-d2ac-4df2-985e-5cf0c02bed7e": {
    "id": "1e815edc-d2ac-4df2-985e-5cf0c02bed7e",
    "auction_id": "e7f9e8d8-2e2c-4696-bfeb-093dbd9a156d",
    "user_id": "1a031094-9e0f-4e4e-9667-b134f9a9fdbe",
    "strategy_id": "0d04fdd6-438b-4c2a-b4d4-afe229ad37da",
    "amount": 1000.0,
    "status": "outbid",
    "timestamp": "2025-05-14 16:20:08",
    "is_automated": true,
    "max_bid": 2000.0
  },
  "79e1d1b8-f5c5-4253-874d-2ec19ada675a": {
    "id": "79e1d1b8-f5c5-4253-874d-2ec19ada675a",
    "auction_id": "e7f9e8d8-2e2c-4696-bfeb-093dbd9a156d",
    "user_id": "eedae96e-36e7-4014-b6c8-1af9b04d2853",
    "strategy_id": "1b697932-6796-4d23-becd-5d82cf455eb0",
    "amount": 1500.0,
    "status": "active",
    "timestamp": "2025-05-14 16:20:08",
    "is_automated": true,
    "max_bid": 4500.0
  },
  "4b0caa6e-b26c-4cab-84c9-17e85dcb315c": {
    "id": "4b0caa6e-b26c-4cab-84c9-17e85dcb315c",
    "auction_id": "e7f9e8d8-2e2c-4696-bfeb-093dbd9a156d",
    "user_id": "1a031094-9e0f-4e4e-9667-b134f9a9fdbe",
    "strategy_id": "0d04fdd6-438b-4c2a-b4d4-afe229ad37da",
    "amount": 2000.0,
    "status": "outbid",
    "timestamp": "2025-05-14 16:20:08",
    "is_automated": true,
    "max_bid": 2000.0
  },
  "4914efd7-9e60-4b67-bd3a-d5a609e89ada": {
    "id": "4914efd7-9e60-4b67-bd3a-d5a609e89ada",
    "auction_id": "e7f9e8d8-2e2c-4696-bfeb-093dbd9a156d",
    "user_id": "eedae96e-36e7-4014-b6c8-1af9b04d2853",
    "strategy_id": "1b697932-6796-4d23-becd-5d82cf455eb0",
    "amount": 2300.0,
    "status": "winning",
    "timestamp": "2025-05-14 16:20:08",
    "is_automated": true,
    "max_bid": 4500.0
  }
}