{
  "55929fa0-a926-4609-b2ca-75b4e1e8ded7": {
    "moment_id": "5",
    "game_id": 2,
    "user_id": "1",
    "base_bid": 3000,
    "bid_increment": 500,
    "max_bid": 7000,
    "team_focus": "both",
    "player_focus": "",
    "period_restrictions": "",
    "ad_content": "https://example.com/test-ad.mp4",
    "created_at": "2025-05-04 13:07:41",
    "status": "active",
    "specific_scenario": "both"
  },
  "edf43379-3023-4dc0-a739-563b099dbaaf": {
    "moment_id": "1",
    "game_id": 2,
    "user_id": "f6cfa9a0-64a7-41a3-a095-5e23ef2ccb18",
    "base_bid": 1000,
    "bid_increment": 500,
    "max_bid": 3500,
    "team_focus": "both",
    "player_focus": "Nick Suzuki",
    "period_restrictions": "1",
    "ad_content": "https://example.com/test-ad.mp4",
    "created_at": "2025-05-14 16:51:57",
    "status": "active"
  },
  "13c35a67-6d73-4dc1-b72e-d81bddc8a6f4": {
    "moment_id": "1",
    "game_id": 2,
    "user_id": "eedae96e-36e7-4014-b6c8-1af9b04d2853",
    "base_bid": 1000,
    "bid_increment": 200,
    "max_bid": 8000,
    "team_focus": "both",
    "player_focus": "",
    "period_restrictions": "",
    "ad_content": "https://example.com/test-ad.mp4",
    "created_at": "2025-05-08 15:46:59",
    "status": "active"
  },
  "10508e09-a92b-4c75-81e3-aa231361dd9a": {
    "moment_id": "1",
    "game_id": 2,
    "user_id": "1a031094-9e0f-4e4e-9667-b134f9a9fdbe",
    "base_bid": 2000,
    "bid_increment": 200,
    "max_bid": 5000,
    "team_focus": "both",
    "player_focus": "",
    "period_restrictions": "",
    "ad_content": "https://example.com/test-ad.mp4",
    "created_at": "2025-05-07 14:06:29",
    "status": "active",
    "moment": {
      "id": 1,
      "name": "Goal",
      "description": "Player scores a goal",
      "exposure": "High",
      "avg_bid": "$5,000",
      "frequency": "5-7 per game"
    },
    "game": {
      "id": 2,
      "home": "Toronto Maple Leafs",
      "away": "Montreal Canadiens",
      "date": "2025-04-27",
      "time": "20:00 EST",
      "status": "pending"
    }
  },
  "ce91e8ef-c255-4dfe-b057-2bd51a95eb0d": {
    "moment_id": "2",
    "game_id": 2,
    "user_id": "f6cfa9a0-64a7-41a3-a095-5e23ef2ccb18",
    "base_bid": 1000,
    "bid_increment": 200,
    "max_bid": 4500,
    "team_focus": "both",
    "player_focus": "",
    "period_restrictions": "3",
    "ad_content": "https://example.com/test-ad.mp4",
    "created_at": "2025-05-14 11:08:50",
    "status": "active",
    "wins_count": 2,
    "wins": [
      {
        "id": "ee07d2bd-8b3c-4838-b7ad-9229c25d64c9",
        "auction_id": "33b133b2-d62d-4de7-b20b-d7c17a5f90bb",
        "winning_bid_id": "2ee8a259-d839-4525-89a3-c3c0445e187d",
        "winning_user_id": "f6cfa9a0-64a7-41a3-a095-5e23ef2ccb18",
        "winning_amount": 4500.0,
        "payment_status": "completed",
        "payment_transaction_id": null,
        "commission_amount": 225.0,
        "broadcaster_share": 3825.0,
        "platform_share": 450.0,
        "ad_display_status": "pending",
        "created_at": "2025-05-08 15:53:46",
        "updated_at": "2025-05-12 14:12:20",
        "auction": {
          "id": "33b133b2-d62d-4de7-b20b-d7c17a5f90bb",
          "moment_id": "2",
          "game_id": 2,
          "auction_type": "instant",
          "status": "completed",
          "base_price": 1000.0,
          "current_high_bid": 4500.0,
          "current_high_bidder_id": "f6cfa9a0-64a7-41a3-a095-5e23ef2ccb18",
          "reserve_price": null,
          "created_at": "2025-05-08 15:53:46",
          "updated_at": "2025-05-08 15:53:46",
          "period": "3",
          "team_id": "MTL",
          "players": [
            "MTL-2"
          ],
          "event_importance": "normal",
          "executed_at": "2025-05-08 15:53:46",
          "winner_notified": false
        },
        "game_info": "Montreal Canadiens @ Toronto Maple Leafs - 2025-04-27",
        "game": {
          "id": 2,
          "home": "Toronto Maple Leafs",
          "away": "Montreal Canadiens",
          "date": "2025-04-27",
          "time": "20:00 EST",
          "status": "pending"
        }
      },
      {
        "id": "f3572277-bc7d-410d-b69b-e49b8eff0a3b",
        "auction_id": "0ae36fbe-9db6-40f8-8455-6c176c77d09f",
        "winning_bid_id": "004fdafc-56f3-46d2-926c-8d0c23f71658",
        "winning_user_id": "f6cfa9a0-64a7-41a3-a095-5e23ef2ccb18",
        "winning_amount": 4000.0,
        "payment_status": "completed",
        "payment_transaction_id": "bwbxk1k8",
        "commission_amount": 200.0,
        "broadcaster_share": 3400.0,
        "platform_share": 400.0,
        "ad_display_status": "pending",
        "created_at": "2025-05-10 13:45:05",
        "updated_at": "2025-05-13 13:13:22",
        "broadcaster_transaction_id": "e97qt385",
        "commission_transaction_id": "5fcd07vg",
        "platform_transaction_id": "j9be5vb0",
        "payment_distribution_complete": true,
        "auction": {
          "id": "0ae36fbe-9db6-40f8-8455-6c176c77d09f",
          "moment_id": "2",
          "game_id": 2,
          "auction_type": "instant",
          "status": "completed",
          "base_price": 1000.0,
          "current_high_bid": 4000.0,
          "current_high_bidder_id": "f6cfa9a0-64a7-41a3-a095-5e23ef2ccb18",
          "reserve_price": null,
          "created_at": "2025-05-10 13:45:05",
          "updated_at": "2025-05-10 13:45:05",
          "period": "1",
          "team_id": "TOR",
          "players": [
            "TOR-1"
          ],
          "event_importance": "normal",
          "executed_at": "2025-05-10 13:45:05",
          "winner_notified": false
        },
        "game_info": "Montreal Canadiens @ Toronto Maple Leafs - 2025-04-27",
        "game": {
          "id": 2,
          "home": "Toronto Maple Leafs",
          "away": "Montreal Canadiens",
          "date": "2025-04-27",
          "time": "20:00 EST",
          "status": "pending"
        }
      }
    ],
    "spent_amount": 8500.0,
    "game": {
      "id": 2,
      "home": "Toronto Maple Leafs",
      "away": "Montreal Canadiens",
      "date": "2025-04-27",
      "time": "20:00 EST",
      "status": "pending"
    },
    "moment": {
      "id": 2,
      "name": "Save",
      "description": "Goalkeeper makes a spectacular save",
      "exposure": "Medium",
      "avg_bid": "$2,500",
      "frequency": "10-15 per game"
    }
  },
  "11b37851-6f49-4758-a8d3-9fe8e44c1b2f": {
    "moment_id": "3",
    "game_id": 2,
    "user_id": "f6cfa9a0-64a7-41a3-a095-5e23ef2ccb18",
    "base_bid": 1000,
    "bid_increment": 100,
    "max_bid": 2000,
    "team_focus": "both",
    "player_focus": "",
    "period_restrictions": "",
    "ad_content": "https://example.com/test-ad.mp4",
    "created_at": "2025-05-08 15:42:27",
    "status": "active",
    "moment": {
      "id": 3,
      "name": "Penalty",
      "description": "Player receives a penalty",
      "exposure": "Medium",
      "avg_bid": "$3,000",
      "frequency": "8-12 per game"
    },
    "game": {
      "id": 2,
      "home": "Toronto Maple Leafs",
      "away": "Montreal Canadiens",
      "date": "2025-04-27",
      "time": "20:00 EST",
      "status": "pending"
    },
    "wins_count": 0,
    "wins": [],
    "spent_amount": 0.0
  },
  "d3f7f7e7-b387-4dff-82cf-065e1a130165": {
    "moment_id": "4",
    "game_id": 2,
    "user_id": "f6cfa9a0-64a7-41a3-a095-5e23ef2ccb18",
    "base_bid": 1000,
    "bid_increment": 100,
    "max_bid": 3500,
    "team_focus": "both",
    "player_focus": "",
    "period_restrictions": "",
    "ad_content": "https://example.com/test-ad.mp4",
    "created_at": "2025-05-08 15:42:48",
    "status": "active",
    "moment": {
      "id": 4,
      "name": "Fight",
      "description": "Players engage in a fight",
      "exposure": "Very High",
      "avg_bid": "$6,000",
      "frequency": "0-3 per game"
    },
    "game": {
      "id": 2,
      "home": "Toronto Maple Leafs",
      "away": "Montreal Canadiens",
      "date": "2025-04-27",
      "time": "20:00 EST",
      "status": "pending"
    },
    "wins_count": 0,
    "wins": [],
    "spent_amount": 0.0
  },
  "3deb4050-399a-4a6c-8e64-b5c8d8f4d4e9": {
    "moment_id": "5",
    "game_id": 2,
    "user_id": "f6cfa9a0-64a7-41a3-a095-5e23ef2ccb18",
    "base_bid": 1000,
    "bid_increment": 500,
    "max_bid": 5000,
    "team_focus": "both",
    "player_focus": "",
    "period_restrictions": "",
    "ad_content": "https://example.com/test-ad.mp4",
    "created_at": "2025-05-08 15:43:12",
    "status": "active",
    "specific_scenario": "both",
    "moment": {
      "id": 5,
      "name": "Overtime Goal/Shootout",
      "description": "Game-winning goal in overtime or shootout",
      "exposure": "Extremely High",
      "avg_bid": "$8,000",
      "frequency": "0-1 per game"
    },
    "game": {
      "id": 2,
      "home": "Toronto Maple Leafs",
      "away": "Montreal Canadiens",
      "date": "2025-04-27",
      "time": "20:00 EST",
      "status": "pending"
    },
    "wins_count": 0,
    "wins": [],
    "spent_amount": 0.0
  },
  "9e302a82-6d17-4f8e-9b16-fb3e1d7092b8": {
    "moment_id": "6",
    "game_id": 2,
    "user_id": "f6cfa9a0-64a7-41a3-a095-5e23ef2ccb18",
    "base_bid": 1000,
    "bid_increment": 200,
    "max_bid": 1500,
    "team_focus": "both",
    "player_focus": "",
    "period_restrictions": "",
    "ad_content": "https://example.com/test-ad.mp4",
    "created_at": "2025-05-08 15:43:30",
    "status": "active",
    "moment": {
      "id": 6,
      "name": "Hit",
      "description": "Player delivers a significant body check",
      "exposure": "Medium",
      "avg_bid": "$2,000",
      "frequency": "15-25 per game"
    },
    "game": {
      "id": 2,
      "home": "Toronto Maple Leafs",
      "away": "Montreal Canadiens",
      "date": "2025-04-27",
      "time": "20:00 EST",
      "status": "pending"
    },
    "wins_count": 0,
    "wins": [],
    "spent_amount": 0.0
  },
  "deee7fe5-fa9f-4df9-9a96-e84e73b3902a": {
    "moment_id": "2",
    "game_id": 2,
    "user_id": "1a031094-9e0f-4e4e-9667-b134f9a9fdbe",
    "base_bid": 1000,
    "bid_increment": 100,
    "max_bid": 4000,
    "team_focus": "both",
    "player_focus": "",
    "period_restrictions": "",
    "ad_content": "https://example.com/test-ad.mp4",
    "created_at": "2025-05-08 15:44:09",
    "status": "active",
    "moment": {
      "id": 2,
      "name": "Save",
      "description": "Goalkeeper makes a spectacular save",
      "exposure": "Medium",
      "avg_bid": "$2,500",
      "frequency": "10-15 per game"
    },
    "game": {
      "id": 2,
      "home": "Toronto Maple Leafs",
      "away": "Montreal Canadiens",
      "date": "2025-04-27",
      "time": "20:00 EST",
      "status": "pending"
    }
  },
  "1f05c72c-d71f-4fe3-abe8-f6c64516fbbc": {
    "moment_id": "3",
    "game_id": 2,
    "user_id": "1a031094-9e0f-4e4e-9667-b134f9a9fdbe",
    "base_bid": 1000,
    "bid_increment": 500,
    "max_bid": 1000,
    "team_focus": "both",
    "player_focus": "",
    "period_restrictions": "",
    "ad_content": "https://example.com/test-ad.mp4",
    "created_at": "2025-05-08 15:44:28",
    "status": "active",
    "moment": {
      "id": 3,
      "name": "Penalty",
      "description": "Player receives a penalty",
      "exposure": "Medium",
      "avg_bid": "$3,000",
      "frequency": "8-12 per game"
    },
    "game": {
      "id": 2,
      "home": "Toronto Maple Leafs",
      "away": "Montreal Canadiens",
      "date": "2025-04-27",
      "time": "20:00 EST",
      "status": "pending"
    }
  },
  "eccbf53c-3b01-4085-a46a-2849d89a487e": {
    "moment_id": "4",
    "game_id": 2,
    "user_id": "1a031094-9e0f-4e4e-9667-b134f9a9fdbe",
    "base_bid": 1000,
    "bid_increment": 500,
    "max_bid": 10000,
    "team_focus": "both",
    "player_focus": "",
    "period_restrictions": "",
    "ad_content": "https://example.com/test-ad.mp4",
    "created_at": "2025-05-08 15:44:42",
    "status": "active",
    "moment": {
      "id": 4,
      "name": "Fight",
      "description": "Players engage in a fight",
      "exposure": "Very High",
      "avg_bid": "$6,000",
      "frequency": "0-3 per game"
    },
    "game": {
      "id": 2,
      "home": "Toronto Maple Leafs",
      "away": "Montreal Canadiens",
      "date": "2025-04-27",
      "time": "20:00 EST",
      "status": "pending"
    }
  },
  "8764e72e-a1a6-4878-b28a-5f45c71fb66f": {
    "moment_id": "5",
    "game_id": 2,
    "user_id": "1a031094-9e0f-4e4e-9667-b134f9a9fdbe",
    "base_bid": 1000,
    "bid_increment": 300,
    "max_bid": 8500,
    "team_focus": "both",
    "player_focus": "",
    "period_restrictions": "",
    "ad_content": "https://example.com/test-ad.mp4",
    "created_at": "2025-05-12 11:45:39",
    "status": "active",
    "specific_scenario": "both",
    "moment": {
      "id": 5,
      "name": "Overtime Goal/Shootout",
      "description": "Game-winning goal in overtime or shootout",
      "exposure": "Extremely High",
      "avg_bid": "$8,000",
      "frequency": "0-1 per game"
    },
    "game": {
      "id": 2,
      "home": "Toronto Maple Leafs",
      "away": "Montreal Canadiens",
      "date": "2025-04-27",
      "time": "20:00 EST",
      "status": "pending"
    }
  },
  "0d04fdd6-438b-4c2a-b4d4-afe229ad37da": {
    "moment_id": "6",
    "game_id": 2,
    "user_id": "1a031094-9e0f-4e4e-9667-b134f9a9fdbe",
    "base_bid": 1000,
    "bid_increment": 500,
    "max_bid": 2000,
    "team_focus": "both",
    "player_focus": "",
    "period_restrictions": "",
    "ad_content": "https://example.com/test-ad.mp4",
    "created_at": "2025-05-12 11:45:47",
    "status": "active",
    "moment": {
      "id": 6,
      "name": "Hit",
      "description": "Player delivers a significant body check",
      "exposure": "Medium",
      "avg_bid": "$2,000",
      "frequency": "15-25 per game"
    },
    "game": {
      "id": 2,
      "home": "Toronto Maple Leafs",
      "away": "Montreal Canadiens",
      "date": "2025-04-27",
      "time": "20:00 EST",
      "status": "pending"
    }
  },
  "445b5a90-507f-4583-b92d-2f3eddf0aa27": {
    "moment_id": "2",
    "game_id": 2,
    "user_id": "eedae96e-36e7-4014-b6c8-1af9b04d2853",
    "base_bid": 1000,
    "bid_increment": 100,
    "max_bid": 2000,
    "team_focus": "both",
    "player_focus": "",
    "period_restrictions": "",
    "ad_content": "https://example.com/test-ad.mp4",
    "created_at": "2025-05-08 15:47:25",
    "status": "active"
  },
  "cd5d2951-e26b-42b0-8acb-0a089a847308": {
    "moment_id": "3",
    "game_id": 2,
    "user_id": "eedae96e-36e7-4014-b6c8-1af9b04d2853",
    "base_bid": 1000,
    "bid_increment": 100,
    "max_bid": 3000,
    "team_focus": "both",
    "player_focus": "",
    "period_restrictions": "",
    "ad_content": "https://example.com/test-ad.mp4",
    "created_at": "2025-05-08 15:47:39",
    "status": "active"
  },
  "01bd0ac5-86e8-472d-8c9e-3e57d27370fc": {
    "moment_id": "4",
    "game_id": 2,
    "user_id": "eedae96e-36e7-4014-b6c8-1af9b04d2853",
    "base_bid": 2500,
    "bid_increment": 300,
    "max_bid": 5000,
    "team_focus": "both",
    "player_focus": "",
    "period_restrictions": "",
    "ad_content": "https://example.com/test-ad.mp4",
    "created_at": "2025-05-08 15:48:08",
    "status": "active"
  },
  "f19994bf-a361-45eb-9941-d6dfc932b823": {
    "moment_id": "5",
    "game_id": 2,
    "user_id": "eedae96e-36e7-4014-b6c8-1af9b04d2853",
    "base_bid": 3000,
    "bid_increment": 500,
    "max_bid": 10000,
    "team_focus": "both",
    "player_focus": "",
    "period_restrictions": "",
    "ad_content": "https://example.com/test-ad.mp4",
    "created_at": "2025-05-08 15:48:28",
    "status": "active",
    "specific_scenario": "both"
  },
  "1b697932-6796-4d23-becd-5d82cf455eb0": {
    "moment_id": "6",
    "game_id": 2,
    "user_id": "eedae96e-36e7-4014-b6c8-1af9b04d2853",
    "base_bid": 1500,
    "bid_increment": 300,
    "max_bid": 4500,
    "team_focus": "both",
    "player_focus": "",
    "period_restrictions": "",
    "ad_content": "https://example.com/test-ad.mp4",
    "created_at": "2025-05-08 15:49:52",
    "status": "active"
  }
}