{
  "1": {
    "id": "1",
    "name": "John Smith",
    "company": "SportsDrink Co.",
    "email": "john@example.com",
    "password": "password123",
    "budget": 50000,
    "total_budget": 50000.0,
    "used_budget": 7000.0,
    "available_budget": 43000.0
  },
  "2": {
    "id": "2",
    "name": "Jane Doe",
    "company": "Car Manufacturer",
    "email": "jane@example.com",
    "password": "password123",
    "budget": 75000
  },
  "8bbadb9f-f494-403e-930e-a3f965fdc665": {
    "id": "8bbadb9f-f494-403e-930e-a3f965fdc665",
    "name": "Jim Smith",
    "company": "Smith Co",
    "email": "smith@smithco.com",
    "password": "xxx",
    "budget": 100000
  },
  "3f3d87d1-380b-4a89-8a13-b0624045315d": {
    "id": "3f3d87d1-380b-4a89-8a13-b0624045315d",
    "name": "Bob",
    "company": "Bob Co",
    "email": "bob@gmail.com",
    "password": "bobpw",
    "budget": 100000,
    "total_budget": 100000.0,
    "used_budget": 0,
    "available_budget": 100000.0
  },
  "ed2e0e54-1dcd-48de-a048-68d172513dd1": {
    "id": "ed2e0e54-1dcd-48de-a048-68d172513dd1",
    "name": "New",
    "company": "User",
    "email": "newuser@gmail.com",
    "password": "newuser",
    "budget": 100000
  },
  "f6cfa9a0-64a7-41a3-a095-5e23ef2ccb18": {
    "id": "f6cfa9a0-64a7-41a3-a095-5e23ef2ccb18",
    "name": "Jake",
    "company": "Jake Co",
    "email": "jake@jakeco.com",
    "password": "jakepw",
    "budget": 20000.0,
    "total_budget": 20000.0,
    "used_budget": 7000.0,
    "available_budget": 13000.0
  },
  "admin": {
    "id": "admin",
    "name": "Administrator",
    "company": "NHL Bidding Platform",
    "email": "admin@gmail.com",
    "password": "admin",
    "budget": 0,
    "is_admin": true
  },
  "eedae96e-36e7-4014-b6c8-1af9b04d2853": {
    "id": "eedae96e-36e7-4014-b6c8-1af9b04d2853",
    "name": "Phil",
    "company": "Phil Co",
    "email": "phil@philco.com",
    "password": "philpw",
    "budget": 35000.0,
    "total_budget": 35000.0,
    "used_budget": 8000.0,
    "available_budget": 27000.0
  },
  "1a031094-9e0f-4e4e-9667-b134f9a9fdbe": {
    "id": "1a031094-9e0f-4e4e-9667-b134f9a9fdbe",
    "name": "Susie",
    "company": "Susie Co",
    "email": "susie@susieco.com",
    "password": "susiepw",
    "budget": 56000.0,
    "total_budget": 31000.0,
    "used_budget": 30500.0,
    "available_budget": 500.0,
    "is_admin": false
  }
}